Rk,Player,Nation,Pos,Squad,Age,Born,90s,SCA,SCA90,PassLive,PassDead,TO,Sh,Fld,Def,GCA,GCA90,PassLive,PassDead,TO,Sh,Fld,Def,Matches
1,Paxten Aaronson,us USA,"FW,MF",Philadelphia,18,2003,4.8,20,4.19,13,0,2,2,1,2,2,0.42,2,0,0,0,0,0,Matches
2,Lalas Abubakar,gh GHA,DF,Colorado Rapids,27,1994,28,20,0.71,17,0,0,2,0,1,1,0.04,1,0,0,0,0,0,Matches
3,Nicolás Acevedo,uy URU,"MF,DF",NYCFC,22,1999,25.2,30,1.19,28,2,0,0,0,0,4,0.16,4,0,0,0,0,0,Matches
4,Ifunanyachi Achara,us USA,"FW,MF",Toronto FC,24,1997,4.2,6,1.41,6,0,0,0,0,0,1,0.23,1,0,0,0,0,0,Matches
5,Bryan Acosta,hn HON,MF,Colorado Rapids,28,1993,21.1,74,3.51,36,36,0,0,1,1,5,0.24,2,2,0,0,0,1,Matches
6,George Acosta,us USA,MF,Inter Miami,22,2000,0.1,0,0,0,0,0,0,0,0,0,0,0,0,0,0,0,0,Matches
7,Kellyn Acosta,us USA,"MF,DF",Los Angeles FC,26,1995,28.3,94,3.32,58,30,2,3,1,0,6,0.21,4,1,0,1,0,0,Matches
8,Luciano Acosta,ar ARG,MF,FC Cincinnati,27,1994,27.7,183,6.61,120,29,15,6,10,3,30,1.08,22,2,2,3,1,0,Matches
9,Mo Adams,eng ENG,MF,Inter Miami,25,1996,3.9,1,0.25,0,0,1,0,0,0,0,0,0,0,0,0,0,0,Matches
10,Samuel Adeniran,us USA,FW,Seattle,23,1998,0.8,0,0,0,0,0,0,0,0,0,0,0,0,0,0,0,0,Matches
11,Harrison Afful,gh GHA,DF,Charlotte,35,1986,14.5,17,1.17,13,4,0,0,0,0,2,0.14,0,2,0,0,0,0,Matches
12,Samuel Afriyie Owusu,gh GHA,"DF,MF",NYCFC,21,2000,0.1,1,7.5,0,0,0,1,0,0,0,0,0,0,0,0,0,0,Matches
13,William Agada,ng NGA,FW,Sporting KC,22,1999,10.2,27,2.65,20,1,0,5,1,0,2,0.2,2,0,0,0,0,0,Matches
14,Oskar Ågren,se SWE,DF,San Jose,23,1998,2.8,0,0,0,0,0,0,0,0,0,0,0,0,0,0,0,0,Matches
15,Daniel Aguirre,us USA,"MF,DF",LA Galaxy,22,1999,4.2,7,1.68,7,0,0,0,0,0,2,0.48,2,0,0,0,0,0,Matches
16,Ali Ahmed,ca CAN,DF,Vancouver,21,2000,0.6,2,3.21,1,0,0,1,0,0,1,1.61,0,0,0,1,0,0,Matches
17,Arnaud Ake,ci CIV,"FW,MF",Nashville,23,1998,3.5,9,2.54,9,0,0,0,0,0,0,0,0,0,0,0,0,0,Matches
18,Tesho Akindele,ca CAN,FW,Orlando City,29,1992,6.8,15,2.22,13,0,0,2,0,0,1,0.15,0,0,0,1,0,0,Matches
19,Matai Akinmboni,us USA,DF,D.C. United,15,2006,1.3,0,0,0,0,0,0,0,0,0,0,0,0,0,0,0,0,Matches
20,Ayo Akinola,ca CAN,FW,Toronto FC,22,2000,13.8,27,1.95,16,0,2,6,3,0,5,0.36,1,0,0,2,2,0,Matches
21,Jordy Alcivar,ec ECU,MF,Charlotte,22,1999,11.3,44,3.89,21,18,0,3,2,0,3,0.26,2,0,0,1,0,0,Matches
22,Caio Alexandre,br BRA,"MF,DF",Vancouver,22,1999,0.9,3,3.25,1,0,0,0,0,2,0,0,0,0,0,0,0,0,Matches
23,Tony Alfaro,us USA,DF,D.C. United,28,1993,10.5,6,0.57,6,0,0,0,0,0,1,0.1,1,0,0,0,0,0,Matches
24,Noah Allen,us USA,"DF,MF",Inter Miami,17,2004,3.6,8,2.22,8,0,0,0,0,0,1,0.28,1,0,0,0,0,0,Matches
25,Thiago Almada,ar ARG,"MF,FW",Atlanta Utd,20,2001,26.4,172,6.53,122,21,18,10,1,0,18,0.68,10,3,3,2,0,0,Matches
Rk,Player,Nation,Pos,Squad,Age,Born,90s,SCA,SCA90,PassLive,PassDead,TO,Sh,Fld,Def,GCA,GCA90,PassLive,PassDead,TO,Sh,Fld,Def,Matches
26,Osvaldo Alonso,cu CUB,MF,Atlanta Utd,36,1985,3.7,8,2.18,6,2,0,0,0,0,3,0.82,2,1,0,0,0,0,Matches
27,Jozy Altidore,us USA,"FW,MF",New England,32,1989,6.6,12,1.81,11,0,0,0,1,0,0,0,0,0,0,0,0,0,Matches
28,Efrain Alvarez,mx MEX,"MF,FW",LA Galaxy,19,2002,15.5,63,4.07,43,12,4,3,1,0,9,0.58,7,0,0,1,1,0,Matches
29,Luis Amarilla,py PAR,FW,Minnesota Utd,26,1995,26.1,63,2.41,48,1,3,8,3,0,10,0.38,8,0,1,1,0,0,Matches
30,Frankie Amaya,us USA,MF,NY Red Bulls,21,2000,22,49,2.23,31,13,2,2,1,0,10,0.46,8,1,0,1,0,0,Matches
31,Mikey Ambrose,us USA,DF,Atlanta Utd,28,1993,0.5,0,0,0,0,0,0,0,0,0,0,0,0,0,0,0,0,Matches
32,Malte Amundsen,dk DEN,DF,NYCFC,23,1998,23.3,40,1.72,36,2,0,2,0,0,5,0.21,4,0,0,1,0,0,Matches
33,Max Anchor,ca CAN,GK,Vancouver,17,2004,1,0,0,0,0,0,0,0,0,0,0,0,0,0,0,0,0,Matches
34,Sebastian Anderson,us USA,"DF,MF",Colorado Rapids,19,2002,0.1,0,0,0,0,0,0,0,0,0,0,0,0,0,0,0,0,Matches
35,José Andrés Martínez,ve VEN,MF,Philadelphia,27,1994,28,32,1.14,24,0,1,4,2,1,5,0.18,4,0,0,1,0,0,Matches
36,Iván Angulo,co COL,FW,Orlando City,22,1999,6.1,17,2.79,13,3,1,0,0,0,2,0.33,1,1,0,0,0,0,Matches
37,Jalil Anibaba,us USA,DF,Columbus Crew,33,1988,2.5,0,0,0,0,0,0,0,0,0,0,0,0,0,0,0,0,Matches
38,Themi Antonoglou,ca CAN,DF,Toronto FC,20,2001,0.5,1,2.2,0,1,0,0,0,0,0,0,0,0,0,0,0,0,Matches
39,Brian Anunga,cm CMR,MF,Nashville,25,1996,9.4,10,1.07,9,1,0,0,0,0,1,0.11,1,0,0,0,0,0,Matches
40,Cristian Arango,co COL,FW,Los Angeles FC,26,1995,26,71,2.73,34,0,10,13,11,3,9,0.35,7,0,2,0,0,0,Matches
41,César Araujo,uy URU,MF,Orlando City,20,2001,27.3,41,1.5,31,5,1,2,1,1,4,0.15,3,1,0,0,0,0,Matches
42,Julian Araujo,mx MEX,DF,LA Galaxy,20,2001,30.5,75,2.46,64,6,1,2,1,1,10,0.33,9,1,0,0,0,0,Matches
43,Luiz Araújo,br BRA,"FW,MF",Atlanta Utd,25,1996,24.3,115,4.73,74,5,16,15,3,2,8,0.33,7,0,1,0,0,0,Matches
44,Daniel Armando Ríos,mx MEX,FW,Charlotte,26,1995,15.7,31,1.97,20,0,2,8,1,0,4,0.25,2,0,1,1,0,0,Matches
45,Adam Armour,us USA,MF,Charlotte,19,2002,0.9,5,5.29,5,0,0,0,0,0,0,0,0,0,0,0,0,0,Matches
46,Xavier Arreaga,ec ECU,DF,Seattle,27,1994,24.1,13,0.54,10,0,0,2,0,1,0,0,0,0,0,0,0,0,Matches
47,Kervin Arriaga,hn HON,MF,Minnesota Utd,24,1998,21,29,1.38,27,0,0,2,0,0,0,0,0,0,0,0,0,0,Matches
48,Paul Arriola,us USA,FW,FC Dallas,26,1995,28.5,96,3.37,74,5,2,7,5,3,11,0.39,6,1,0,1,2,1,Matches
49,Artur,br BRA,MF,Columbus Crew,25,1996,18.2,27,1.48,21,0,0,3,2,1,2,0.11,1,0,0,1,0,0,Matches
50,Dairon Asprilla,co COL,"FW,MF",Portland Timbers,29,1992,20.5,45,2.19,32,0,3,2,7,1,4,0.19,3,0,0,0,1,0,Matches
Rk,Player,Nation,Pos,Squad,Age,Born,90s,SCA,SCA90,PassLive,PassDead,TO,Sh,Fld,Def,GCA,GCA90,PassLive,PassDead,TO,Sh,Fld,Def,Matches
51,Isaac Atanga,gh GHA,DF,FC Cincinnati,21,2000,0.5,1,2,1,0,0,0,0,0,0,0,0,0,0,0,0,0,Matches
52,Joshua Atencio,us USA,MF,Seattle,20,2002,8.1,12,1.49,10,0,1,1,0,0,1,0.12,0,0,0,1,0,0,Matches
53,Roberto Avila,us USA,"FW,MF",Dynamo FC,21,2000,1.8,5,2.83,4,0,0,0,1,0,0,0,0,0,0,0,0,0,Matches
54,David Ayala,ar ARG,MF,Portland Timbers,19,2002,8.2,22,2.68,17,0,2,0,1,2,1,0.12,1,0,0,0,0,0,Matches
55,Edison Azcona,do DOM,MF,Inter Miami,18,2003,0.2,1,5.63,1,0,0,0,0,0,0,0,0,0,0,0,0,0,Matches
56,Dominique Badji,sn SEN,FW,FC Cincinnati,29,1992,12.2,26,2.13,15,0,3,2,5,1,3,0.25,2,0,1,0,0,0,Matches
57,Zico Bailey,us USA,"DF,MF",FC Cincinnati,21,2000,0.9,1,1.13,1,0,0,0,0,0,0,0,0,0,0,0,0,0,Matches
58,Corey Baird,us USA,FW,Dynamo FC,26,1996,14.9,29,1.94,24,0,0,4,1,0,5,0.33,4,0,0,1,0,0,Matches
59,Esmir Bajraktarevic,us USA,"MF,FW",New England,16,2005,1.4,1,0.74,1,0,0,0,0,0,0,0,0,0,0,0,0,0,Matches
60,Reed Baker-Whiting,us USA,MF,Seattle,16,2005,1.1,3,2.84,2,0,0,1,0,0,0,0,0,0,0,0,0,0,Matches
61,Michael Baldisimo,ca CAN,MF,Vancouver,21,2000,5.1,16,3.16,13,1,1,0,0,1,3,0.59,3,0,0,0,0,0,Matches
62,Gareth Bale,wls WAL,FW,Los Angeles FC,32,1989,3.9,16,4.07,12,0,1,2,1,0,1,0.25,0,0,1,0,0,0,Matches
63,Tom Barlow,us USA,FW,NY Red Bulls,26,1995,12.2,21,1.72,17,0,2,2,0,0,1,0.08,1,0,0,0,0,0,Matches
64,Álvaro Barreal,ar ARG,"DF,MF",FC Cincinnati,21,2000,24.4,81,3.32,45,21,6,5,3,1,15,0.61,8,1,4,1,1,0,Matches
65,Michael Barrios,co COL,"FW,MF",Colorado Rapids,30,1991,21.2,73,3.44,53,6,6,3,4,1,11,0.52,8,1,1,0,1,0,Matches
66,Ethan Bartlow,us USA,"DF,MF",Dynamo FC,21,2000,10.1,8,0.79,8,0,0,0,0,0,1,0.1,1,0,0,0,0,0,Matches
67,Zorhan Bassong,ca CAN,DF,CF Montréal,22,1999,2.1,4,1.91,4,0,0,0,0,0,0,0,0,0,0,0,0,0,Matches
68,Tanner Beason,us USA,DF,San Jose,24,1997,24.9,13,0.52,12,0,0,0,0,1,1,0.04,1,0,0,0,0,0,Matches
69,Simon Becher,us USA,FW,Vancouver,22,1999,0.1,0,0,0,0,0,0,0,0,0,0,0,0,0,0,0,0,Matches
70,Alejandro Bedoya,us USA,MF,Philadelphia,34,1987,26.9,79,2.94,71,1,0,4,0,3,9,0.33,8,0,0,0,0,1,Matches
71,Steven Beitashour,ir IRN,"DF,MF",Colorado Rapids,34,1987,14.6,18,1.23,14,2,0,2,0,0,3,0.21,2,0,0,1,0,0,Matches
72,Jon Bell,us USA,DF,New England,24,1997,11.7,8,0.68,8,0,0,0,0,0,1,0.09,1,0,0,0,0,0,Matches
73,Ben Bender,us USA,MF,Charlotte,20,2001,18.3,63,3.45,50,5,5,3,0,0,9,0.49,7,1,1,0,0,0,Matches
74,Alan Benítez,py PAR,DF,Minnesota Utd,28,1994,6.3,20,3.16,16,3,0,1,0,0,2,0.32,2,0,0,0,0,0,Matches
75,Julio Benitez,us USA,MF,Real Salt Lake,16,2005,0.1,,,,,,,,,,,,,,,,,Matches
Rk,Player,Nation,Pos,Squad,Age,Born,90s,SCA,SCA90,PassLive,PassDead,TO,Sh,Fld,Def,GCA,GCA90,PassLive,PassDead,TO,Sh,Fld,Def,Matches
76,Christian Benteke,be BEL,FW,D.C. United,31,1990,6.2,13,2.1,9,0,0,3,0,1,0,0,0,0,0,0,0,0,Matches
77,Sebastian Berhalter,us USA,MF,Vancouver,20,2001,11.4,26,2.29,17,6,0,2,0,1,0,0,0,0,0,0,0,0,Matches
78,Federico Bernardeschi,it ITA,FW,Toronto FC,27,1994,12.2,50,4.11,29,8,6,4,3,0,6,0.49,1,3,0,1,1,0,Matches
79,Miguel Berry,es ESP,"FW,MF",D.C. United,24,1997,7.9,14,1.77,12,0,1,1,0,0,0,0,0,0,0,0,0,0,Matches
80,Miguel Berry,es ESP,FW,Columbus Crew,24,1997,10.8,20,1.86,12,2,2,2,2,0,0,0,0,0,0,0,0,0,Matches
81,Matt Bersano,us USA,GK,San Jose,29,1992,1.5,0,0,0,0,0,0,0,0,0,0,0,0,0,0,0,0,Matches
82,Nick Besler,us USA,"MF,DF",Real Salt Lake,28,1993,2.8,1,0.36,1,0,0,0,0,0,0,0,0,0,0,0,0,0,Matches
83,Victor Bezerra,us USA,"FW,DF",Chicago Fire,21,2000,0.5,0,0,0,0,0,0,0,0,0,0,0,0,0,0,0,0,Matches
84,David Bingham,us USA,GK,Portland Timbers,32,1989,2,0,0,0,0,0,0,0,0,0,0,0,0,0,0,0,0,Matches
85,Steve Birnbaum,us USA,DF,D.C. United,31,1991,31.7,29,0.92,20,3,0,6,0,0,2,0.06,2,0,0,0,0,0,Matches
86,Tyler Blackett,eng ENG,DF,FC Cincinnati,27,1994,14.9,15,1.01,13,0,0,2,0,0,2,0.13,1,0,0,1,0,0,Matches
87,Tristan Blackmon,us USA,DF,Vancouver,25,1996,23.7,13,0.55,10,1,0,2,0,0,1,0.04,0,0,0,1,0,0,Matches
88,Andre Blake,jm JAM,GK,Philadelphia,31,1990,34,3,0.09,3,0,0,0,0,0,0,0,0,0,0,0,0,0,Matches
89,Sebastián Blanco,ar ARG,"FW,MF",Portland Timbers,33,1988,20.2,92,4.55,59,12,6,5,9,1,13,0.64,11,0,1,0,1,0,Matches
90,Latif Blessing,gh GHA,"MF,FW",Los Angeles FC,25,1996,14.8,44,2.96,35,0,4,4,1,0,4,0.27,4,0,0,0,0,0,Matches
91,Emmanuel Boateng,gh GHA,"FW,MF",New England,28,1994,11.1,48,4.32,43,1,2,1,1,0,4,0.36,4,0,0,0,0,0,Matches
92,Blake Bodily,us USA,"FW,DF",Portland Timbers,24,1998,0.2,0,0,0,0,0,0,0,0,0,0,0,0,0,0,0,0,Matches
93,Isaac Boehmer,us USA,GK,Vancouver,20,2001,2.5,1,0.4,1,0,0,0,0,0,0,0,0,0,0,0,0,0,Matches
94,Jonathan Bond,eng ENG,GK,LA Galaxy,28,1993,34,7,0.21,4,3,0,0,0,0,3,0.09,2,1,0,0,0,0,Matches
95,Pablo Bonilla,ve VEN,DF,Portland Timbers,22,1999,2.8,3,1.07,2,0,0,0,0,1,1,0.36,1,0,0,0,0,0,Matches
96,Alex Bono,us USA,GK,Toronto FC,27,1994,24,2,0.08,2,0,0,0,0,0,1,0.04,1,0,0,0,0,0,Matches
97,Jonathan Bornstein,us USA,"DF,MF",Chicago Fire,37,1984,13.3,17,1.27,14,1,0,1,1,0,0,0,0,0,0,0,0,0,Matches
98,Dylan Borrero,co COL,FW,New England,20,2002,6.7,15,2.24,13,0,0,1,0,1,3,0.45,3,0,0,0,0,0,Matches
99,Gustavo Bou,ar ARG,FW,New England,31,1990,17.8,59,3.32,39,3,6,10,1,0,7,0.39,4,0,1,1,1,0,Matches
100,Denis Bouanga,ga GAB,FW,Los Angeles FC,27,1994,5.5,26,4.72,13,0,4,6,3,0,3,0.54,0,0,1,1,1,0,Matches
Rk,Player,Nation,Pos,Squad,Age,Born,90s,SCA,SCA90,PassLive,PassDead,TO,Sh,Fld,Def,GCA,GCA90,PassLive,PassDead,TO,Sh,Fld,Def,Matches
101,Ousseni Bouda,bf BFA,"FW,MF",San Jose,21,2000,1.3,6,4.66,4,0,0,1,1,0,2,1.55,0,0,0,1,1,0,Matches
102,Michael Boxall,nz NZL,DF,Minnesota Utd,33,1988,31,16,0.52,10,1,1,3,0,1,1,0.03,1,0,0,0,0,0,Matches
103,Michael Bradley,us USA,MF,Toronto FC,34,1987,33.9,63,1.86,57,1,2,3,0,0,10,0.3,8,0,2,0,0,0,Matches
104,Christopher Brady,us USA,GK,Chicago Fire,17,2004,1,0,0,0,0,0,0,0,0,0,0,0,0,0,0,0,0,Matches
105,Zachary Brault-Guillard,ca CAN,DF,CF Montréal,23,1998,7,25,3.57,23,0,2,0,0,0,5,0.71,5,0,0,0,0,0,Matches
106,Claudio Bravo,ar ARG,DF,Portland Timbers,24,1997,24.5,57,2.33,46,2,2,4,2,1,5,0.2,3,1,0,1,0,0,Matches
107,Brenner,br BRA,FW,FC Cincinnati,22,2000,22.8,69,3.02,54,0,3,6,5,1,9,0.39,9,0,0,0,0,0,Matches
108,Sebastian Breza,ca CAN,GK,CF Montréal,23,1998,23,1,0.04,0,1,0,0,0,0,0,0,0,0,0,0,0,0,Matches
109,Emiliano Brienza,ca CAN,FW,Vancouver,19,2002,0,0,0,0,0,0,0,0,0,0,0,0,0,0,0,0,0,Matches
110,Andrew Brody,us USA,DF,Real Salt Lake,26,1995,32.8,85,2.59,75,1,5,1,2,1,7,0.21,7,0,0,0,0,0,Matches
111,Brandt Bronico,us USA,MF,Charlotte,26,1995,31.2,47,1.5,41,0,0,3,3,0,4,0.13,4,0,0,0,0,0,Matches
112,Javain Brown,jm JAM,DF,Vancouver,22,1999,20.6,28,1.36,21,2,1,3,0,1,2,0.1,1,1,0,0,0,0,Matches
113,Gastón Brugman,uy URU,MF,LA Galaxy,29,1992,12.5,35,2.81,28,2,3,1,0,1,3,0.24,3,0,0,0,0,0,Matches
114,Will Bruin,us USA,FW,Seattle,32,1989,9.6,19,1.97,18,0,0,0,1,0,1,0.1,1,0,0,0,0,0,Matches
115,Noel Buck,us USA,"MF,FW",New England,16,2005,3.2,6,1.84,4,0,1,0,1,0,0,0,0,0,0,0,0,0,Matches
116,Adam Buksa,pl POL,FW,New England,25,1996,9.1,12,1.33,7,0,2,3,0,0,4,0.44,2,0,1,1,0,0,Matches
117,Teal Bunbury,us USA,"FW,MF",Nashville,31,1990,7.3,23,3.16,14,0,1,6,2,0,1,0.14,1,0,0,0,0,0,Matches
118,Cory Burke,jm JAM,FW,Philadelphia,30,1991,13.3,36,2.71,21,0,6,5,3,1,5,0.38,3,0,0,2,0,0,Matches
119,Kendall Burks,us USA,DF,Chicago Fire,22,1999,2,0,0,0,0,0,0,0,0,0,0,0,0,0,0,0,0,Matches
120,Handwalla Bwana,so SOM,FW,Nashville,24,1997,0.1,1,6.92,1,0,0,0,0,0,0,0,0,0,0,0,0,0,Matches
121,Brandon Bye,us USA,DF,New England,26,1995,28.5,75,2.63,63,4,4,1,2,1,8,0.28,7,0,1,0,0,0,Matches
122,Nathan Byrne,eng ENG,DF,Charlotte,29,1992,3.2,3,0.93,3,0,0,0,0,0,0,0,0,0,0,0,0,0,Matches
123,Kevin Cabral,fr FRA,"FW,MF",LA Galaxy,22,1999,18.7,53,2.84,38,0,1,6,7,1,4,0.21,3,0,0,0,1,0,Matches
124,Martín Cáceres,uy URU,DF,LA Galaxy,34,1987,4.8,2,0.42,2,0,0,0,0,0,1,0.21,1,0,0,0,0,0,Matches
125,Deiber Caicedo,co COL,"FW,MF",Vancouver,21,2000,10.9,40,3.65,24,9,2,3,2,0,5,0.46,4,0,0,0,1,0,Matches
Rk,Player,Nation,Pos,Squad,Age,Born,90s,SCA,SCA90,PassLive,PassDead,TO,Sh,Fld,Def,GCA,GCA90,PassLive,PassDead,TO,Sh,Fld,Def,Matches
126,Scott Caldwell,us USA,MF,Real Salt Lake,30,1991,15.1,19,1.25,16,0,0,0,3,0,0,0,0,0,0,0,0,0,Matches
127,Drake Callender,us USA,GK,Inter Miami,24,1997,24,3,0.12,3,0,0,0,0,0,0,0,0,0,0,0,0,0,Matches
128,Alexander Callens,pe PER,DF,NYCFC,29,1992,26.5,26,0.98,18,1,1,4,1,1,2,0.08,0,0,0,1,0,1,Matches
129,Francisco Calvo,cr CRC,DF,San Jose,29,1992,13,17,1.31,11,0,1,3,1,1,3,0.23,2,0,0,0,1,0,Matches
130,Rudy Camacho,fr FRA,DF,CF Montréal,30,1991,27.5,22,0.8,16,2,1,3,0,0,5,0.18,3,1,1,0,0,0,Matches
131,Geoff Cameron,us USA,DF,FC Cincinnati,36,1985,23.5,9,0.38,6,0,0,3,0,0,1,0.04,0,0,0,1,0,0,Matches
132,Leonardo Campana,ec ECU,FW,Inter Miami,21,2000,17.6,32,1.82,28,0,1,2,1,0,6,0.34,5,0,1,0,0,0,Matches
133,George Campbell,us USA,DF,Atlanta Utd,20,2001,16.4,19,1.16,16,1,0,0,1,1,1,0.06,1,0,0,0,0,0,Matches
134,Russell Canouse,us USA,MF,D.C. United,26,1995,13.2,14,1.06,9,1,1,0,3,0,1,0.08,1,0,0,0,0,0,Matches
135,Nathan Cardoso,br BRA,DF,San Jose,26,1995,25.2,16,0.63,13,1,1,1,0,0,1,0.04,1,0,0,0,0,0,Matches
136,Antonio Carlos,br BRA,DF,Orlando City,28,1993,18.1,16,0.89,13,1,0,2,0,0,1,0.06,1,0,0,0,0,0,Matches
137,Wikelman Carmona,ve VEN,"MF,FW",NY Red Bulls,18,2003,0.5,0,0,0,0,0,0,0,0,0,0,0,0,0,0,0,0,Matches
138,Julián Carranza,ar ARG,FW,Philadelphia,21,2000,24.6,66,2.69,36,1,4,11,14,0,16,0.65,8,0,2,2,4,0,Matches
139,Adalberto Carrasquilla,pa PAN,MF,Dynamo FC,23,1998,26.6,78,2.93,67,2,1,2,4,2,7,0.26,5,0,1,1,0,0,Matches
140,Wilder Cartagena,pe PER,MF,Orlando City,27,1994,3.7,5,1.37,4,0,0,0,0,1,0,0,0,0,0,0,0,0,Matches
141,Javier Casas,us USA,MF,Chicago Fire,18,2003,0.4,0,0,0,0,0,0,0,0,0,0,0,0,0,0,0,0,Matches
142,Julio Cascante,cr CRC,DF,Austin,28,1993,30.2,39,1.29,31,1,1,5,1,0,7,0.23,6,1,0,0,0,0,Matches
143,Cristian Cásseres Jr.,ve VEN,MF,NY Red Bulls,22,2000,24.4,79,3.23,58,3,2,5,7,4,10,0.41,9,0,0,1,0,0,Matches
144,Valentín Castellanos,ar ARG,FW,NYCFC,23,1998,16.2,54,3.33,42,0,2,4,5,1,6,0.37,4,0,0,0,2,0,Matches
145,Lucas Cavallini,ca CAN,FW,Vancouver,29,1992,16.8,42,2.49,30,0,4,5,3,0,6,0.36,4,0,0,1,1,0,Matches
146,Roman Celentano,us USA,GK,FC Cincinnati,21,2000,27,1,0.04,1,0,0,0,0,0,0,0,0,0,0,0,0,0,Matches
147,Darwin Cerén,sv SLV,MF,Dynamo FC,32,1989,12.5,21,1.67,19,0,0,1,0,1,2,0.16,2,0,0,0,0,0,Matches
148,Edwin Cerrillo,us USA,MF,FC Dallas,21,2000,21,19,0.9,17,0,0,0,0,2,0,0,0,0,0,0,0,0,Matches
149,Maikel Chang,cu CUB,"MF,FW",Real Salt Lake,30,1991,20.4,64,3.14,53,0,4,3,3,1,8,0.39,8,0,0,0,0,0,Matches
150,Maxime Chanot,lu LUX,DF,NYCFC,32,1989,16,10,0.62,7,0,0,1,0,2,2,0.12,1,0,0,0,0,1,Matches
Rk,Player,Nation,Pos,Squad,Age,Born,90s,SCA,SCA90,PassLive,PassDead,TO,Sh,Fld,Def,GCA,GCA90,PassLive,PassDead,TO,Sh,Fld,Def,Matches
151,Diego Chará,co COL,MF,Portland Timbers,35,1986,27.1,53,1.96,46,1,0,2,3,1,6,0.22,4,0,0,1,1,0,Matches
152,Yimmi Chará,co COL,"MF,FW",Portland Timbers,30,1991,30.7,101,3.29,78,12,1,3,6,1,9,0.29,7,1,0,0,1,0,Matches
153,Giorgio Chiellini,it ITA,DF,Los Angeles FC,37,1984,7.9,5,0.63,4,0,0,0,0,1,1,0.13,1,0,0,0,0,0,Matches
154,Mathieu Choiniere,ca CAN,"DF,MF",CF Montréal,22,1999,15.3,32,2.09,27,1,3,0,1,0,2,0.13,2,0,0,0,0,0,Matches
155,Léo Chú,br BRA,"FW,MF",Seattle,21,2000,9.1,25,2.75,16,0,5,2,2,0,4,0.44,3,0,1,0,0,0,Matches
156,Kadin Chung,ca CAN,DF,Toronto FC,23,1998,5,5,1,4,0,0,0,1,0,1,0.2,1,0,0,0,0,0,Matches
157,José Cifuentes,ec ECU,MF,Los Angeles FC,22,1999,26.1,94,3.61,78,4,3,6,2,1,14,0.54,10,0,1,2,0,1,Matches
158,Ronaldo Cisneros,mx MEX,FW,Atlanta Utd,25,1997,19.2,41,2.14,29,0,3,6,3,0,3,0.16,1,0,2,0,0,0,Matches
159,Abdoulaye Cissoko,fr FRA,DF,Seattle,22,1999,4.5,0,0,0,0,0,0,0,0,0,0,0,0,0,0,0,0,Matches
160,Caden Clark,us USA,"FW,MF",NY Red Bulls,18,2003,5.4,8,1.48,7,0,0,0,1,0,2,0.37,2,0,0,0,0,0,Matches
161,Steve Clark,us USA,GK,Dynamo FC,35,1986,32.3,7,0.22,5,2,0,0,0,0,1,0.03,1,0,0,0,0,0,Matches
162,Stefan Cleveland,us USA,GK,Seattle,27,1994,7,0,0,0,0,0,0,0,0,0,0,0,0,0,0,0,0,Matches
163,Jackson Conway,us USA,"FW,MF",Atlanta Utd,20,2001,0.4,2,5,1,0,0,0,1,0,0,0,0,0,0,0,0,0,Matches
164,Gabriele Corbo,it ITA,DF,CF Montréal,22,2000,12.6,10,0.79,10,0,0,0,0,0,1,0.08,1,0,0,0,0,0,Matches
165,Sergio Córdova,ve VEN,"FW,MF",Real Salt Lake,24,1997,25.3,58,2.3,37,0,9,6,5,1,7,0.28,3,0,2,2,0,0,Matches
166,Carlos Coronel,br BRA,GK,NY Red Bulls,25,1996,33,7,0.21,7,0,0,0,0,0,0,0,0,0,0,0,0,0,Matches
167,Washington Corozo,ec ECU,"MF,FW",Austin,23,1998,0.6,1,1.76,0,0,0,1,0,0,1,1.76,0,0,0,1,0,0,Matches
168,Guzmán Corujo,uy URU,DF,Charlotte,25,1996,22.9,13,0.57,10,1,0,2,0,0,1,0.04,0,0,0,1,0,0,Matches
169,Douglas Costa,br BRA,"MF,FW",LA Galaxy,31,1990,15.6,73,4.66,55,8,3,2,5,0,4,0.26,3,0,0,0,1,0,Matches
170,Séga Coulibaly,fr FRA,DF,LA Galaxy,25,1996,23.9,11,0.46,9,0,0,2,0,0,1,0.04,0,0,0,1,0,0,Matches
171,Cade Cowell,us USA,"FW,MF",San Jose,18,2003,17.3,45,2.61,35,0,7,1,1,1,7,0.41,6,0,0,1,0,0,Matches
172,Brandan Craig,us USA,MF,Philadelphia,17,2004,0,0,0,0,0,0,0,0,0,0,0,0,0,0,0,0,0,Matches
173,Maxime Crépeau,ca CAN,GK,Los Angeles FC,27,1994,33,7,0.21,6,1,0,0,0,0,0,0,0,0,0,0,0,0,Matches
174,Domenico Criscito,it ITA,DF,Toronto FC,35,1986,13.2,39,2.96,27,7,1,3,1,0,1,0.08,0,0,0,1,0,0,Matches
175,Daniel Crisostomo,us USA,MF,Los Angeles FC,25,1997,0.3,0,0,0,0,0,0,0,0,0,0,0,0,0,0,0,0,Matches
Rk,Player,Nation,Pos,Squad,Age,Born,90s,SCA,SCA90,PassLive,PassDead,TO,Sh,Fld,Def,GCA,GCA90,PassLive,PassDead,TO,Sh,Fld,Def,Matches
176,Cody Cropper,us USA,GK,Vancouver,28,1993,13.7,1,0.07,1,0,0,0,0,0,1,0.07,1,0,0,0,0,0,Matches
177,Allan Cruz,cr CRC,MF,FC Cincinnati,25,1996,4.5,9,2.01,8,1,0,0,0,0,1,0.22,1,0,0,0,0,0,Matches
178,Andrés Cubas,py PAR,MF,Vancouver,25,1996,15,25,1.67,21,0,0,2,1,1,1,0.07,1,0,0,0,0,0,Matches
179,Cucho,co COL,FW,Columbus Crew,22,1999,14.4,57,3.95,40,0,12,0,4,1,3,0.21,2,0,1,0,0,0,Matches
180,Rafael Czichos,de GER,DF,Chicago Fire,31,1990,25.9,26,1,22,0,0,3,1,0,2,0.08,2,0,0,0,0,0,Matches
181,Cristián Dajome,co COL,"DF,MF",Vancouver,28,1994,20,55,2.76,34,2,8,3,7,1,5,0.25,4,0,1,0,0,0,Matches
182,Jesús Daniel Bueno,ve VEN,MF,Philadelphia,22,1999,0.1,1,6.92,1,0,0,0,0,0,0,0,0,0,0,0,0,0,Matches
183,Abu Danladi,gh GHA,"FW,MF",Minnesota Utd,26,1995,7,13,1.84,11,0,1,0,1,0,0,0,0,0,0,0,0,0,Matches
184,Bode Davis,us USA,"MF,FW",Real Salt Lake,19,2002,1,5,4.95,4,0,1,0,0,0,1,0.99,1,0,0,0,0,0,Matches
185,Jake Davis,us USA,"MF,FW",Sporting KC,20,2002,0.2,0,0,0,0,0,0,0,0,0,0,0,0,0,0,0,0,Matches
186,Sean Davis,us USA,MF,Nashville,28,1993,31.5,52,1.65,42,0,1,6,3,0,3,0.1,0,0,0,2,1,0,Matches
187,Miloš Degenek,au AUS,DF,Columbus Crew,27,1994,24.8,17,0.68,11,1,1,2,0,2,1,0.04,0,0,0,1,0,0,Matches
188,Alex DeJohn,us USA,DF,Atlanta Utd,30,1991,4.6,1,0.22,1,0,0,0,0,0,0,0,0,0,0,0,0,0,Matches
189,A.J. DeLaGarza,gu GUM,"DF,MF",New England,34,1987,3.2,2,0.62,2,0,0,0,0,0,0,0,0,0,0,0,0,0,Matches
190,Marky Delgado,us USA,MF,LA Galaxy,26,1995,27.9,71,2.54,67,0,0,2,0,2,4,0.14,4,0,0,0,0,0,Matches
191,Nick DePuy,us USA,DF,LA Galaxy,27,1994,14.4,7,0.49,4,0,0,3,0,0,1,0.07,0,0,0,1,0,0,Matches
192,Silvester van der Water,nl NED,FW,Orlando City,25,1996,0.5,2,4.29,2,0,0,0,0,0,0,0,0,0,0,0,0,0,Matches
193,Joey DeZart,us USA,DF,Orlando City,23,1998,0,0,0,0,0,0,0,0,0,0,0,0,0,0,0,0,0,Matches
194,Luis Díaz,cr CRC,FW,Columbus Crew,23,1998,17,52,3.05,41,0,6,0,5,0,8,0.47,8,0,0,0,0,0,Matches
195,Bakaye Dibassy,ml MLI,DF,Minnesota Utd,32,1989,25.1,10,0.4,8,0,0,1,1,0,0,0,0,0,0,0,0,0,Matches
196,Clément Diop,sn SEN,GK,Inter Miami,28,1993,3,0,0,0,0,0,0,0,0,0,0,0,0,0,0,0,0,Matches
197,Sofiane Djeffal,fr FRA,MF,D.C. United,22,1999,18.7,27,1.44,20,3,0,2,2,0,4,0.21,2,2,0,0,0,0,Matches
198,Moussa Djitte,sn SEN,FW,Austin,22,1999,5.1,9,1.75,3,0,1,3,2,0,1,0.19,0,0,0,1,0,0,Matches
199,Ethan Dobbelaere,us USA,"DF,MF",Seattle,19,2002,3,3,0.99,3,0,0,0,0,0,0,0,0,0,0,0,0,0,Matches
200,Cecilio Domínguez,py PAR,"FW,MF",Austin,27,1994,3.1,8,2.57,6,1,0,1,0,0,1,0.32,1,0,0,0,0,0,Matches
Rk,Player,Nation,Pos,Squad,Age,Born,90s,SCA,SCA90,PassLive,PassDead,TO,Sh,Fld,Def,GCA,GCA90,PassLive,PassDead,TO,Sh,Fld,Def,Matches
201,Christopher Donovan,us USA,FW,Philadelphia,21,2000,1.2,1,0.84,1,0,0,0,0,0,0,0,0,0,0,0,0,0,Matches
202,Griffin Dorsey,us USA,DF,Dynamo FC,22,1999,18.3,22,1.21,20,0,0,2,0,0,6,0.33,5,0,0,1,0,0,Matches
203,Hassani Dotson,us USA,"DF,MF",Minnesota Utd,24,1997,7,20,2.86,14,0,1,1,4,0,2,0.29,2,0,0,0,0,0,Matches
204,Sebastián Driussi,ar ARG,MF,Austin,25,1996,32,101,3.16,69,1,7,10,11,3,19,0.59,12,0,2,2,2,1,Matches
205,Bryce Duke,us USA,"MF,FW",Inter Miami,20,2001,16.4,52,3.17,46,4,1,1,0,0,10,0.61,10,0,0,0,0,0,Matches
206,Cameron Duke,us USA,"MF,FW",Sporting KC,20,2001,13.6,35,2.57,26,1,5,0,2,1,7,0.51,5,0,1,0,1,0,Matches
207,Kyle Duncan,us USA,"DF,MF",NY Red Bulls,24,1997,6.6,16,2.43,11,3,1,1,0,0,3,0.46,2,0,1,0,0,0,Matches
208,Jhon Durán,co COL,FW,Chicago Fire,18,2003,15.2,28,1.84,12,0,4,4,6,2,5,0.33,3,0,0,0,2,0,Matches
209,Chris Durkin,us USA,MF,D.C. United,21,2000,24.9,48,1.93,37,2,0,3,4,2,10,0.4,7,0,0,0,3,0,Matches
210,Dom Dwyer,us USA,FW,Atlanta Utd,31,1990,6.9,16,2.34,14,0,1,1,0,0,2,0.29,1,0,1,0,0,0,Matches
211,Jeremy Ebobisse,us USA,FW,San Jose,24,1997,32.7,73,2.23,56,0,6,7,4,0,6,0.18,4,0,0,2,0,0,Matches
212,Daniel Edelman,us USA,MF,NY Red Bulls,18,2003,11,14,1.27,14,0,0,0,0,0,2,0.18,2,0,0,0,0,0,Matches
213,Javier Eduardo López,mx MEX,"MF,FW",San Jose,27,1994,2.6,6,2.31,4,2,0,0,0,0,1,0.38,1,0,0,0,0,0,Matches
214,Earl Edwards Jr.,us USA,GK,New England,30,1992,4,0,0,0,0,0,0,0,0,0,0,0,0,0,0,0,0,Matches
215,Raheem Edwards,ca CAN,DF,LA Galaxy,26,1995,25.3,71,2.81,56,3,6,3,3,0,11,0.44,9,0,2,0,0,0,Matches
216,Tom Edwards,eng ENG,DF,NY Red Bulls,23,1999,18.4,34,1.85,18,15,0,0,0,1,2,0.11,1,1,0,0,0,0,Matches
217,Jack Elliott,eng ENG,DF,Philadelphia,26,1995,31.8,15,0.47,10,0,0,5,0,0,5,0.16,4,0,0,1,0,0,Matches
218,Kalil ElMedkhar,us USA,"FW,MF",FC Dallas,22,1999,1.1,2,1.76,2,0,0,0,0,0,0,0,0,0,0,0,0,0,Matches
219,Franco Escobar,ar ARG,DF,Los Angeles FC,26,1995,12.8,27,2.1,20,3,2,0,1,1,3,0.23,3,0,0,0,0,0,Matches
220,Cristian Espinoza,ar ARG,"FW,MF",San Jose,26,1995,31.6,133,4.2,64,45,7,12,5,0,20,0.63,12,3,0,4,1,0,Matches
221,Jhon Espinoza,ec ECU,"DF,FW",Chicago Fire,22,1999,5.5,8,1.46,5,0,2,0,0,1,0,0,0,0,0,0,0,0,Matches
222,Roger Espinoza,hn HON,MF,Sporting KC,35,1986,20.8,58,2.79,48,0,2,5,2,1,6,0.29,5,0,0,1,0,0,Matches
223,Lucas Esteves,br BRA,"DF,MF",Colorado Rapids,21,2000,25.2,51,2.02,41,1,2,3,1,3,6,0.24,6,0,0,0,0,0,Matches
224,Michael Estrada,ec ECU,FW,D.C. United,25,1996,9.6,18,1.88,13,0,4,1,0,0,5,0.52,4,0,1,0,0,0,Matches
225,Derrick Etienne,ht HAI,"FW,DF",Columbus Crew,25,1996,24.6,76,3.09,62,0,5,6,1,2,8,0.33,8,0,0,0,0,0,Matches
Rk,Player,Nation,Pos,Squad,Age,Born,90s,SCA,SCA90,PassLive,PassDead,TO,Sh,Fld,Def,GCA,GCA90,PassLive,PassDead,TO,Sh,Fld,Def,Matches
226,Diego Fagúndez,uy URU,FW,Austin,26,1995,30,119,3.96,79,28,4,4,3,1,16,0.53,13,2,1,0,0,0,Matches
227,Mamadou Fall,sn SEN,DF,Los Angeles FC,19,2002,13.3,12,0.9,10,0,0,1,0,1,2,0.15,1,0,0,1,0,0,Matches
228,Marco Farfan,us USA,DF,FC Dallas,23,1998,30.3,58,1.92,43,9,1,0,5,0,8,0.26,5,1,0,0,2,0,Matches
229,Andrew Farrell,us USA,DF,New England,29,1992,30.9,25,0.81,22,0,0,2,0,1,3,0.1,3,0,0,0,0,0,Matches
230,Mohamed Farsi,ca CAN,"DF,FW",Columbus Crew,22,1999,0.9,5,5.29,4,1,0,0,0,0,2,2.12,1,1,0,0,0,0,Matches
231,Felipe,br BRA,"MF,FW",Austin,31,1990,8.2,20,2.44,18,0,1,0,1,0,6,0.73,5,0,0,0,1,0,Matches
232,Omir Fernandez,us USA,"MF,FW",NY Red Bulls,22,1999,16,53,3.31,37,0,4,2,9,1,7,0.44,6,0,0,0,1,0,Matches
233,Jesús Ferreira,us USA,"FW,MF",FC Dallas,21,2000,29.5,99,3.35,67,17,8,6,0,1,13,0.44,9,0,4,0,0,0,Matches
234,Sebastián Ferreira,py PAR,FW,Dynamo FC,23,1998,25.8,54,2.1,42,0,5,5,1,1,5,0.19,2,0,3,0,0,0,Matches
235,Stuart Findlay,sct SCO,DF,Philadelphia,26,1995,4,2,0.5,2,0,0,0,0,0,0,0,0,0,0,0,0,0,Matches
236,Ethan Finlay,us USA,FW,Austin,31,1990,20.3,37,1.83,31,1,0,3,1,1,7,0.35,6,0,0,1,0,0,Matches
237,Oniel Fisher,jm JAM,DF,Minnesota Utd,30,1991,7,5,0.71,5,0,0,0,0,0,1,0.14,1,0,0,0,0,0,Matches
238,Leon Flach,us USA,MF,Philadelphia,20,2001,30.5,49,1.61,41,0,0,2,5,1,2,0.07,2,0,0,0,0,0,Matches
239,Ashley Fletcher,eng ENG,FW,NY Red Bulls,26,1995,2.8,7,2.53,6,0,0,1,0,0,0,0,0,0,0,0,0,0,Matches
240,Kristian Fletcher,us USA,FW,D.C. United,16,2005,0.7,1,1.45,1,0,0,0,0,0,0,0,0,0,0,0,0,0,Matches
241,Edison Flores,pe PER,MF,D.C. United,27,1994,9.2,27,2.93,22,0,1,1,2,1,1,0.11,1,0,0,0,0,0,Matches
242,George Fochive,us USA,MF,Portland Timbers,29,1992,0.3,0,0,0,0,0,0,0,0,0,0,0,0,0,0,0,0,Matches
243,Nathan Fogaça,br BRA,FW,Portland Timbers,22,1999,4.5,10,2.21,8,0,1,1,0,0,1,0.22,1,0,0,0,0,0,Matches
244,Andreu Fontàs,es ESP,DF,Sporting KC,32,1989,27.1,41,1.51,32,1,0,7,0,1,3,0.11,2,0,0,1,0,0,Matches
245,Kortne Ford,us USA,DF,Sporting KC,26,1996,9,8,0.89,8,0,0,0,0,0,0,0,0,0,0,0,0,0,Matches
246,Taxiarchis Fountas,gr GRE,"MF,FW",D.C. United,26,1995,16.3,38,2.33,20,1,1,10,4,2,6,0.37,4,0,1,1,0,0,Matches
247,Franco Fragapane,ar ARG,FW,Minnesota Utd,28,1993,22.4,89,3.97,75,1,5,2,2,4,9,0.4,3,1,2,1,0,2,Matches
248,Alan Franco,ar ARG,DF,Atlanta Utd,25,1996,30.2,28,0.93,25,1,0,1,0,1,4,0.13,4,0,0,0,0,0,Matches
249,Alan Franco,ec ECU,MF,Charlotte,23,1998,8.7,12,1.38,11,0,0,0,1,0,2,0.23,1,0,0,0,1,0,Matches
250,Kobe Franklin,ca CAN,DF,Toronto FC,18,2003,0.2,0,0,0,0,0,0,0,0,0,0,0,0,0,0,0,0,Matches
Rk,Player,Nation,Pos,Squad,Age,Born,90s,SCA,SCA90,PassLive,PassDead,TO,Sh,Fld,Def,GCA,GCA90,PassLive,PassDead,TO,Sh,Fld,Def,Matches
251,Stefan Frei,ch SUI,GK,Seattle,35,1986,27,2,0.07,1,1,0,0,0,0,0,0,0,0,0,0,0,0,Matches
252,Christian Fuchs,at AUT,DF,Charlotte,35,1986,21.6,34,1.58,29,4,0,1,0,0,3,0.14,3,0,0,0,0,0,Matches
253,Ruben Gabrielsen,no NOR,DF,Austin,29,1992,30.4,17,0.56,17,0,0,0,0,0,2,0.07,2,0,0,0,0,0,Matches
254,Ray Gaddis,us USA,DF,FC Cincinnati,32,1990,12.6,19,1.51,16,1,1,0,0,1,1,0.08,0,0,0,0,0,1,Matches
255,McKinze Gaines,us USA,"MF,FW",Charlotte,23,1998,11.9,25,2.09,20,0,2,2,1,0,5,0.42,4,0,0,0,1,0,Matches
256,Jon Gallagher,ie IRL,DF,Austin,25,1996,23.6,31,1.31,25,2,0,1,2,1,4,0.17,4,0,0,0,0,0,Matches
257,Pedro Gallese,pe PER,GK,Orlando City,31,1990,32,2,0.06,2,0,0,0,0,0,0,0,0,0,0,0,0,0,Matches
258,Christopher Garcia,us USA,"MF,FW",Real Salt Lake,19,2003,0,1,22.5,0,0,0,0,1,0,0,0,0,0,0,0,0,0,Matches
259,Mender García,co COL,FW,Minnesota Utd,23,1998,5.9,7,1.18,6,0,0,1,0,0,0,0,0,0,0,0,0,0,Matches
260,Chase Gasper,us USA,DF,LA Galaxy,26,1996,9.3,9,0.96,8,1,0,0,0,0,0,0,0,0,0,0,0,0,Matches
261,Ryan Gauld,sct SCO,"MF,FW",Vancouver,26,1995,24.9,104,4.18,74,12,7,6,5,0,11,0.44,9,1,1,0,0,0,Matches
262,Dániel Gazdag,hu HUN,MF,Philadelphia,25,1996,32.5,105,3.23,79,6,2,5,12,1,19,0.58,16,0,1,0,2,0,Matches
263,Kieran Gibbs,eng ENG,DF,Inter Miami,32,1989,7.1,9,1.27,6,1,0,0,0,2,0,0,0,0,0,0,0,0,Matches
264,Carles Gil,es ESP,MF,New England,29,1992,32.3,216,6.68,147,46,10,4,9,0,20,0.62,16,3,0,0,1,0,Matches
265,Nacho Gil,es ESP,"FW,MF",New England,26,1995,2.2,9,4.03,7,0,1,0,1,0,0,0,0,0,0,0,0,0,Matches
266,Gastón Giménez,py PAR,MF,Chicago Fire,30,1991,18.8,50,2.65,35,8,2,4,0,1,6,0.32,4,0,0,2,0,0,Matches
267,Francisco Ginella,uy URU,MF,Los Angeles FC,23,1999,4.9,16,3.23,13,0,0,1,0,2,4,0.81,3,0,0,0,0,1,Matches
268,Nicholas Gioacchini,us USA,"FW,MF",Orlando City,21,2000,1.5,4,2.61,2,0,0,1,1,0,0,0,0,0,0,0,0,0,Matches
269,Justen Glad,us USA,DF,Real Salt Lake,24,1997,25.6,17,0.66,13,1,0,2,1,0,2,0.08,2,0,0,0,0,0,Matches
270,Jakob Glesnes,no NOR,DF,Philadelphia,27,1994,34,29,0.85,24,2,0,3,0,0,5,0.15,4,0,0,1,0,0,Matches
271,Chris Gloster,us USA,DF,NYCFC,21,2000,5.3,14,2.62,13,1,0,0,0,0,1,0.19,1,0,0,0,0,0,Matches
272,Marcus Godinho,ca CAN,DF,Vancouver,24,1997,11.3,21,1.85,15,1,2,0,2,1,2,0.18,1,0,0,0,1,0,Matches
273,Aníbal Godoy,pa PAN,MF,Nashville,31,1990,10.5,11,1.05,10,0,0,0,0,1,2,0.19,1,0,0,0,0,1,Matches
274,Erik Godoy,ar ARG,DF,Vancouver,28,1993,5,4,0.79,4,0,0,0,0,0,0,0,0,0,0,0,0,0,Matches
275,Eulânio Ângelo Chipela Gomes,gw GNB,DF,FC Dallas,27,1994,13.2,22,1.66,16,1,2,0,1,2,3,0.23,2,0,0,0,1,0,Matches
Rk,Player,Nation,Pos,Squad,Age,Born,90s,SCA,SCA90,PassLive,PassDead,TO,Sh,Fld,Def,GCA,GCA90,PassLive,PassDead,TO,Sh,Fld,Def,Matches
276,Yeimar Gómez Andrade,co COL,DF,Seattle,29,1992,25.7,14,0.54,10,0,0,2,0,2,2,0.08,1,0,0,1,0,0,Matches
277,Jonathan González,mx MEX,"MF,FW",Minnesota Utd,22,1999,2.2,3,1.39,3,0,0,0,0,0,0,0,0,0,0,0,0,0,Matches
278,Omar Gonzalez,us USA,DF,New England,33,1988,8.5,2,0.24,2,0,0,0,0,0,0,0,0,0,0,0,0,0,Matches
279,Samuel Grandsir,fr FRA,"FW,MF",LA Galaxy,25,1996,17.9,56,3.13,42,3,5,4,2,0,6,0.34,6,0,0,0,0,0,Matches
280,Tayvon Gray,us USA,DF,NYCFC,19,2002,20.9,28,1.34,22,1,3,2,0,0,2,0.1,2,0,0,0,0,0,Matches
281,Gregore,br BRA,MF,Inter Miami,27,1994,30,63,2.1,57,1,2,1,1,1,4,0.13,3,1,0,0,0,0,Matches
282,Ján Greguš,sk SVK,MF,San Jose,31,1991,18.7,52,2.78,38,9,1,1,1,2,8,0.43,6,2,0,0,0,0,Matches
283,Julian Gressel,us USA,DF,D.C. United,28,1993,15.3,67,4.37,33,30,1,2,1,0,9,0.59,6,3,0,0,0,0,Matches
284,Julian Gressel,us USA,"MF,DF",Vancouver,28,1993,10.8,38,3.52,25,9,0,2,0,2,3,0.28,2,0,0,0,0,1,Matches
285,Raúl Gudiño,mx MEX,GK,Atlanta Utd,25,1996,5.5,2,0.36,1,1,0,0,0,0,0,0,0,0,0,0,0,0,Matches
286,Sami Guediri,us USA,DF,D.C. United,24,1997,8.9,16,1.79,12,2,1,0,0,1,0,0,0,0,0,0,0,0,Matches
287,Brian Gutiérrez,us USA,"FW,MF",Chicago Fire,18,2003,18.2,67,3.67,51,2,8,3,3,0,10,0.55,9,0,0,1,0,0,Matches
288,Cristián Gutiérrez,cl CHI,DF,Vancouver,24,1997,6.8,17,2.48,11,5,0,1,0,0,1,0.15,1,0,0,0,0,0,Matches
289,Diego Gutierrez,us USA,FW,Portland Timbers,22,1999,0,0,0,0,0,0,0,0,0,0,0,0,0,0,0,0,0,Matches
290,Felipe Gutiérrez,cl CHI,MF,Colorado Rapids,31,1990,9.3,37,3.97,26,10,0,0,1,0,2,0.21,2,0,0,0,0,0,Matches
291,Andrew Gutman,us USA,DF,Atlanta Utd,25,1996,21.8,40,1.83,31,3,2,2,1,1,3,0.14,3,0,0,0,0,0,Matches
292,Brad Guzan,us USA,GK,Atlanta Utd,37,1984,6.8,0,0,0,0,0,0,0,0,0,0,0,0,0,0,0,0,Matches
293,Justin Haak,us USA,"MF,DF",NYCFC,20,2001,8.5,6,0.7,5,0,0,1,0,0,0,0,0,0,0,0,0,0,Matches
294,Luke Haakenson,us USA,"MF,FW",Nashville,24,1997,6.6,16,2.42,11,0,2,1,2,0,4,0.6,3,0,1,0,0,0,Matches
295,Teenage Hadebe,zw ZIM,DF,Dynamo FC,26,1995,20.1,17,0.85,9,0,1,5,0,2,1,0.05,0,0,0,1,0,0,Matches
296,Nick Hagglund,us USA,DF,FC Cincinnati,29,1992,30.2,26,0.86,24,2,0,0,0,0,3,0.1,3,0,0,0,0,0,Matches
297,Marlon Hairston,us USA,DF,Columbus Crew,27,1994,1.7,4,2.35,4,0,0,0,0,0,0,0,0,0,0,0,0,0,Matches
298,Siad Haji,so SOM,"DF,FW",San Jose,22,1999,0.2,2,12.86,2,0,0,0,0,0,0,0,0,0,0,0,0,0,Matches
299,Michael Halliday,us USA,"DF,MF",Orlando City,19,2003,0.6,0,0,0,0,0,0,0,0,0,0,0,0,0,0,0,0,Matches
300,Ahmed Hamdi,eg EGY,MF,CF Montréal,23,1998,3.7,7,1.9,5,1,1,0,0,0,2,0.54,1,0,1,0,0,0,Matches
Rk,Player,Nation,Pos,Squad,Age,Born,90s,SCA,SCA90,PassLive,PassDead,TO,Sh,Fld,Def,GCA,GCA90,PassLive,PassDead,TO,Sh,Fld,Def,Matches
301,Bill Hamid,us USA,GK,D.C. United,31,1990,9.5,1,0.1,1,0,0,0,0,0,0,0,0,0,0,0,0,0,Matches
302,Niko Hansen,dk DEN,"FW,MF",Minnesota Utd,27,1994,1.1,4,3.6,2,0,0,1,1,0,1,0.9,1,0,0,0,0,0,Matches
303,Cameron Harper,us USA,"DF,FW",NY Red Bulls,20,2001,8.5,19,2.24,14,1,2,1,1,0,3,0.35,2,0,1,0,0,0,Matches
304,Nathan Harriel,us USA,DF,Philadelphia,20,2001,19.6,35,1.78,23,6,2,1,2,1,3,0.15,0,1,1,1,0,0,Matches
305,Calvin Harris,eng ENG,"DF,FW",FC Cincinnati,21,2000,2,5,2.51,5,0,0,0,0,0,1,0.5,1,0,0,0,0,0,Matches
306,Thomas Hasal,ca CAN,GK,Vancouver,22,1999,16.8,2,0.12,1,1,0,0,0,0,0,0,0,0,0,0,0,0,Matches
307,Jacori Hayes,us USA,MF,Minnesota Utd,26,1995,0.8,1,1.2,1,0,0,0,0,0,1,1.2,1,0,0,0,0,0,Matches
308,Héber,br BRA,FW,NYCFC,30,1991,11.2,23,2.04,15,0,1,7,0,0,1,0.09,0,0,0,1,0,0,Matches
309,Matt Hedges,us USA,DF,FC Dallas,31,1990,24.7,14,0.57,12,0,0,2,0,0,0,0,0,0,0,0,0,0,Matches
310,Chris Hegardt,us USA,"MF,FW",Charlotte,20,2002,0.2,4,18.95,3,1,0,0,0,0,0,0,0,0,0,0,0,0,Matches
311,Doneil Henry,ca CAN,DF,Toronto FC,28,1993,1.6,0,0,0,0,0,0,0,0,0,0,0,0,0,0,0,0,Matches
312,Doneil Henry,ca CAN,DF,Los Angeles FC,28,1993,1.5,0,0,0,0,0,0,0,0,0,0,0,0,0,0,0,0,Matches
313,Fabian Herbers,de GER,"FW,MF",Chicago Fire,28,1993,12,34,2.84,27,0,0,2,3,2,4,0.33,4,0,0,0,0,0,Matches
314,Felipe Hernandez,us USA,MF,Sporting KC,23,1998,19.8,61,3.09,37,14,1,2,5,2,3,0.15,2,1,0,0,0,0,Matches
315,Javier Hernández,mx MEX,FW,LA Galaxy,33,1988,28.7,72,2.51,46,0,3,10,12,1,11,0.38,4,0,2,3,2,0,Matches
316,Ronald Hernández,ve VEN,DF,Atlanta Utd,24,1997,8.5,20,2.36,17,2,0,0,0,1,0,0,0,0,0,0,0,0,Matches
317,Aaron Herrera,gt GUA,DF,Real Salt Lake,24,1997,25.2,56,2.22,48,3,3,2,0,0,4,0.16,4,0,0,0,0,0,Matches
318,Héctor Herrera,mx MEX,MF,Dynamo FC,31,1990,7.6,25,3.28,23,1,0,1,0,0,2,0.26,2,0,0,0,0,0,Matches
319,Gonzalo Higuaín,ar ARG,FW,Inter Miami,34,1987,19.4,59,3.04,28,16,11,2,2,0,8,0.41,3,2,3,0,0,0,Matches
320,Brendan Hines-Ike,us USA,DF,D.C. United,27,1994,18.7,10,0.54,8,0,0,1,0,1,0,0,0,0,0,0,0,0,Matches
321,Bongokuhle Hlongwane,za RSA,FW,Minnesota Utd,21,2000,17.8,45,2.53,33,1,4,4,3,0,7,0.39,5,0,0,2,0,0,Matches
322,Danny Hoesen,nl NED,FW,Austin,31,1991,4.2,9,2.11,6,0,1,2,0,0,1,0.23,1,0,0,0,0,0,Matches
323,Ryan Hollingshead,us USA,DF,Los Angeles FC,30,1991,21.4,50,2.33,32,5,4,5,3,1,6,0.28,1,1,1,1,2,0,Matches
324,Erik Holt,us USA,DF,Real Salt Lake,25,1996,6.3,5,0.8,3,0,0,1,0,1,0,0,0,0,0,0,0,0,Matches
325,Jackson Hopkins,us USA,"MF,FW",D.C. United,17,2004,10,30,2.99,21,8,0,0,1,0,1,0.1,0,1,0,0,0,0,Matches
Rk,Player,Nation,Pos,Squad,Age,Born,90s,SCA,SCA90,PassLive,PassDead,TO,Sh,Fld,Def,GCA,GCA90,PassLive,PassDead,TO,Sh,Fld,Def,Matches
326,Adrien Hunou,fr FRA,"FW,MF",Minnesota Utd,28,1994,1.4,4,2.81,2,0,0,0,2,0,1,0.7,1,0,0,0,0,0,Matches
327,Erik Hurtado,us USA,FW,Columbus Crew,31,1990,4.7,10,2.13,7,1,1,0,1,0,2,0.43,1,0,1,0,0,0,Matches
328,Emerson Hyndman,us USA,MF,Atlanta Utd,25,1996,3.2,11,3.44,10,0,0,1,0,0,2,0.62,1,0,0,1,0,0,Matches
329,Franco Ibarra,ar ARG,MF,Atlanta Utd,20,2001,10.9,21,1.93,18,0,0,0,3,0,1,0.09,1,0,0,0,0,0,Matches
330,Sebastien Ibeagha,us USA,DF,Los Angeles FC,30,1992,13.2,3,0.23,3,0,0,0,0,0,0,0,0,0,0,0,0,0,Matches
331,Sunusi Ibrahim,ng NGA,"MF,FW",CF Montréal,19,2002,2.6,7,2.67,6,1,0,0,0,0,1,0.38,1,0,0,0,0,0,Matches
332,James Igbekeme,ng NGA,"FW,MF",Columbus Crew,26,1995,10,25,2.5,18,2,1,1,3,0,1,0.1,0,0,0,0,1,0,Matches
333,Tega Ikoba,us USA,FW,Portland Timbers,18,2003,0.3,0,0,0,0,0,0,0,0,0,0,0,0,0,0,0,0,Matches
334,Arnór Ingvi Traustason,is ISL,"FW,MF",New England,28,1993,5.5,15,2.73,12,1,0,2,0,0,1,0.18,1,0,0,0,0,0,Matches
335,Lorenzo Insigne,it ITA,"FW,MF",Toronto FC,30,1991,10.3,53,5.16,37,5,5,6,0,0,3,0.29,3,0,0,0,0,0,Matches
336,Nicolas Isimat-Mirin,fr FRA,DF,Sporting KC,30,1991,25.3,19,0.75,17,0,0,1,0,1,1,0.04,1,0,0,0,0,0,Matches
337,Aljaž Ivačič,si SVN,GK,Portland Timbers,28,1993,32,3,0.09,3,0,0,0,0,0,0,0,0,0,0,0,0,0,Matches
338,Stanislav Ivanov,bg BUL,"FW,MF",Chicago Fire,22,1999,9.8,24,2.45,20,0,1,2,1,0,0,0,0,0,0,0,0,0,Matches
339,Robin Jansson,se SWE,DF,Orlando City,30,1991,21.9,15,0.69,12,0,1,2,0,0,1,0.05,0,0,1,0,0,0,Matches
340,Franco Jara,ar ARG,FW,FC Dallas,33,1988,10.1,24,2.39,19,0,3,1,1,0,2,0.2,2,0,0,0,0,0,Matches
341,Andres Jasson,us USA,"DF,MF",NYCFC,20,2002,5.2,14,2.7,11,0,0,0,3,0,1,0.19,1,0,0,0,0,0,Matches
342,Corentin Jean,fr FRA,"FW,MF",Inter Miami,26,1995,0.8,3,3.55,3,0,0,0,0,0,1,1.18,1,0,0,0,0,0,Matches
343,Cal Jennings,us USA,"FW,MF",Los Angeles FC,24,1997,0.2,1,4.74,1,0,0,0,0,0,0,0,0,0,0,0,0,0,Matches
344,Hector Jiménez,us USA,DF,Austin,33,1988,6.6,21,3.16,18,0,2,0,1,0,3,0.45,3,0,0,0,0,0,Matches
345,Jesús Jiménez,es ESP,FW,Toronto FC,28,1993,26,52,2,40,2,4,2,3,1,7,0.27,4,0,2,0,1,0,Matches
346,Sean Johnson,us USA,GK,NYCFC,32,1989,34,0,0,0,0,0,0,0,0,0,0,0,0,0,0,0,0,Matches
347,Alistair Johnston,ca CAN,DF,CF Montréal,23,1998,29.4,58,1.97,44,8,0,3,1,2,7,0.24,6,1,0,0,0,0,Matches
348,DeJuan Jones,us USA,DF,New England,24,1997,30.4,90,2.96,69,7,3,3,7,1,12,0.39,9,0,0,1,2,0,Matches
349,Derrick Jones,us USA,MF,Charlotte,24,1997,10.5,11,1.05,6,0,1,1,3,0,1,0.1,0,0,0,0,1,0,Matches
350,Joevin Jones,tt TRI,"DF,MF",Inter Miami,30,1991,1.4,4,2.95,4,0,0,0,0,0,0,0,0,0,0,0,0,0,Matches
Rk,Player,Nation,Pos,Squad,Age,Born,90s,SCA,SCA90,PassLive,PassDead,TO,Sh,Fld,Def,GCA,GCA90,PassLive,PassDead,TO,Sh,Fld,Def,Matches
351,Jony,ar ARG,"FW,MF",Real Salt Lake,27,1994,1.6,2,1.26,0,0,0,1,1,0,1,0.63,0,0,0,0,1,0,Matches
352,Juan José Sánchez,co COL,DF,Atlanta Utd,24,1998,16.1,8,0.5,8,0,0,0,0,0,0,0,0,0,0,0,0,0,Matches
353,Dejan Joveljić,rs SRB,"FW,MF",LA Galaxy,22,1999,11.1,34,3.05,27,0,3,3,1,0,6,0.54,4,0,2,0,0,0,Matches
354,Kamil Jóźwiak,pl POL,"FW,MF",Charlotte,23,1998,12.8,45,3.52,27,5,5,0,5,3,4,0.31,3,0,0,0,0,1,Matches
355,Judson,br BRA,MF,San Jose,28,1993,7.3,9,1.23,6,0,0,1,0,2,1,0.14,1,0,0,0,0,0,Matches
356,Anderson Julio,ec ECU,"FW,MF",Real Salt Lake,25,1996,5.8,17,2.9,12,0,3,1,1,0,3,0.51,2,0,1,0,0,0,Matches
357,Florian Jungwirth,de GER,"DF,MF",Vancouver,33,1989,9.5,5,0.52,5,0,0,0,0,0,0,0,0,0,0,0,0,0,Matches
358,Sam Junqua,us USA,DF,Dynamo FC,25,1996,5.7,7,1.23,5,0,1,0,1,0,1,0.18,1,0,0,0,0,0,Matches
359,Chris Kablan,ch SUI,MF,Real Salt Lake,27,1994,0.3,0,0,0,0,0,0,0,0,0,0,0,0,0,0,0,0,Matches
360,Kristijan Kahlina,hr CRO,GK,Charlotte,29,1992,31,8,0.26,5,3,0,0,0,0,1,0.03,1,0,0,0,0,0,Matches
361,Brent Kallman,us USA,DF,Minnesota Utd,31,1990,15.5,8,0.52,7,0,0,1,0,0,1,0.06,1,0,0,0,0,0,Matches
362,Kei Kamara,sl SLE,FW,CF Montréal,37,1984,17.3,32,1.84,23,0,4,3,1,1,12,0.69,7,0,3,1,0,1,Matches
363,Ola Kamara,no NOR,"FW,MF",D.C. United,32,1989,16.6,27,1.63,18,0,0,6,3,0,2,0.12,1,0,0,1,0,0,Matches
364,Bernard Kamungo,tz TAN,FW,FC Dallas,20,2002,0.2,1,4.29,1,0,0,0,0,0,0,0,0,0,0,0,0,0,Matches
365,Alec Kann,us USA,GK,FC Cincinnati,31,1990,7,0,0,0,0,0,0,0,0,0,0,0,0,0,0,0,0,Matches
366,Johan Kappelhof,nl NED,DF,Real Salt Lake,31,1990,6,7,1.17,5,0,0,0,0,2,0,0,0,0,0,0,0,0,Matches
367,Wilfrid Kaptoum,cm CMR,MF,New England,25,1996,11.8,20,1.69,15,0,0,2,1,2,1,0.08,1,0,0,0,0,0,Matches
368,Ercan Kara,at AUT,FW,Orlando City,26,1996,19.7,36,1.82,29,0,1,3,3,0,5,0.25,4,0,0,1,0,0,Matches
369,Mark-Anthony Kaye,ca CAN,MF,Toronto FC,27,1994,7,12,1.74,10,0,0,1,0,1,3,0.44,3,0,0,0,0,0,Matches
370,Mark-Anthony Kaye,ca CAN,MF,Colorado Rapids,27,1994,14.2,33,2.32,24,1,2,1,3,2,3,0.21,1,0,1,0,1,0,Matches
371,Kipp Keller,us USA,DF,Austin,21,2000,3.5,4,1.13,4,0,0,0,0,0,1,0.28,1,0,0,0,0,0,Matches
372,Jon Kempin,us USA,GK,D.C. United,28,1993,2,0,0,0,0,0,0,0,0,0,0,0,0,0,0,0,0,Matches
373,Deandre Kerr,ca CAN,"MF,FW",Toronto FC,19,2002,14.5,22,1.51,14,0,2,3,3,0,0,0,0,0,0,0,0,0,Matches
374,Henry Kessler,us USA,DF,New England,23,1998,20.5,7,0.34,6,0,0,1,0,0,1,0.05,1,0,0,0,0,0,Matches
375,Nabilai Kibunguchy,us USA,MF,Minnesota Utd,24,1998,2,2,1,1,0,0,0,1,0,0,0,0,0,0,0,0,0,Matches
Rk,Player,Nation,Pos,Squad,Age,Born,90s,SCA,SCA90,PassLive,PassDead,TO,Sh,Fld,Def,GCA,GCA90,PassLive,PassDead,TO,Sh,Fld,Def,Matches
376,Benjamin Kikanovic,us USA,"FW,MF",San Jose,22,2000,15.2,24,1.58,16,0,3,1,3,1,4,0.26,3,0,0,0,1,0,Matches
377,Patryk Klimala,pl POL,FW,NY Red Bulls,23,1998,18.2,42,2.31,35,0,1,1,5,0,4,0.22,3,0,0,0,1,0,Matches
378,Sacha Kljestan,us USA,"MF,FW",LA Galaxy,36,1985,4.9,20,4.12,13,4,1,1,1,0,3,0.62,2,1,0,0,0,0,Matches
379,Brad Knighton,us USA,GK,New England,36,1985,4,0,0,0,0,0,0,0,0,0,0,0,0,0,0,0,0,Matches
380,Žan Kolmanič,si SVN,DF,Austin,21,2000,11.9,24,2.02,18,6,0,0,0,0,1,0.08,1,0,0,0,0,0,Matches
381,Ismaël Koné,ca CAN,MF,CF Montréal,19,2002,17.6,44,2.5,33,1,1,3,5,1,10,0.57,5,0,1,2,1,1,Matches
382,Damir Kreilach,hr CRO,"MF,FW",Real Salt Lake,32,1989,3.3,6,1.79,6,0,0,0,0,0,0,0,0,0,0,0,0,0,Matches
383,Theodore Ku-Dipietro,us USA,"FW,MF",D.C. United,20,2002,2.6,4,1.51,3,0,0,0,1,0,1,0.38,0,0,0,0,1,0,Matches
384,Yuya Kubo,jp JPN,MF,FC Cincinnati,28,1993,15,44,2.93,35,4,2,1,1,1,3,0.2,2,0,0,0,0,1,Matches
385,Jojea Kwizera,cg CGO,"DF,MF",CF Montréal,23,1999,3.1,7,2.27,7,0,0,0,0,0,1,0.32,1,0,0,0,0,0,Matches
386,Lassi Lappalainen,fi FIN,"DF,MF",CF Montréal,23,1998,21.4,70,3.27,54,3,5,0,6,2,10,0.47,8,1,1,0,0,0,Matches
387,Jesús David Murillo Largacha,co COL,DF,Los Angeles FC,27,1994,26,12,0.46,9,0,0,2,0,1,4,0.15,3,0,0,1,0,0,Matches
388,Richie Laryea,ca CAN,DF,Toronto FC,27,1995,9.6,29,3.03,22,0,2,0,5,0,7,0.73,5,0,1,0,1,0,Matches
389,Ariel Lassiter,cr CRC,"FW,MF",Inter Miami,27,1994,18.2,54,2.96,38,1,3,5,6,1,7,0.38,5,0,0,1,1,0,Matches
390,Vuk Latinovich,us USA,DF,NYCFC,24,1997,2.8,2,0.71,2,0,0,0,0,0,0,0,0,0,0,0,0,0,Matches
391,Kemar Lawrence,jm JAM,DF,Minnesota Utd,29,1992,25.6,14,0.55,13,0,0,0,1,0,2,0.08,2,0,0,0,0,0,Matches
392,Randall Leal,cr CRC,MF,Nashville,25,1997,23.6,90,3.81,66,2,5,9,7,1,12,0.51,7,0,2,2,1,0,Matches
393,Kelvin Leerdam,sr SUR,"DF,MF",LA Galaxy,31,1990,5.3,5,0.94,3,1,0,0,1,0,1,0.19,1,0,0,0,0,0,Matches
394,Brooks Lennon,us USA,"DF,FW",Atlanta Utd,24,1997,22.6,109,4.83,73,32,1,1,2,0,10,0.44,6,3,0,0,1,0,Matches
395,Jonathan Lewis,us USA,"FW,MF",Colorado Rapids,24,1997,24.5,80,3.26,43,0,14,11,12,0,9,0.37,3,0,1,2,3,0,Matches
396,Danny Leyva,us USA,MF,Seattle,18,2003,10.6,20,1.89,15,1,0,1,2,1,2,0.19,2,0,0,0,0,0,Matches
397,Azaad Liadi,us USA,MF,D.C. United,23,1998,0.1,1,10,0,0,0,0,0,1,0,0,0,0,0,0,0,0,Matches
398,Nick Lima,us USA,DF,Austin,27,1994,26,46,1.77,34,9,2,1,0,0,7,0.27,6,0,0,1,0,0,Matches
399,Jaylin Lindsey,us USA,DF,Charlotte,21,2000,18.5,44,2.37,39,3,0,0,2,0,4,0.22,4,0,0,0,0,0,Matches
400,Sebastian Lletget,us USA,MF,FC Dallas,29,1992,9.1,19,2.1,17,0,0,0,2,0,5,0.55,5,0,0,0,0,0,Matches
Rk,Player,Nation,Pos,Squad,Age,Born,90s,SCA,SCA90,PassLive,PassDead,TO,Sh,Fld,Def,GCA,GCA90,PassLive,PassDead,TO,Sh,Fld,Def,Matches
401,Sebastian Lletget,us USA,"FW,MF",New England,29,1992,16.1,42,2.62,38,0,1,2,1,0,5,0.31,4,0,0,1,0,0,Matches
402,Robin Lod,fi FIN,"FW,MF",Minnesota Utd,28,1993,27.7,80,2.89,62,2,7,4,2,3,7,0.25,6,0,1,0,0,0,Matches
403,Nicolás Lodeiro,uy URU,MF,Seattle,32,1989,25.7,128,4.97,87,33,1,2,4,1,13,0.51,10,3,0,0,0,0,Matches
404,Jasper Löffelsend,de GER,MF,Real Salt Lake,24,1997,18.1,34,1.88,31,1,0,1,1,0,7,0.39,6,1,0,0,0,0,Matches
405,Aaron Long,us USA,DF,NY Red Bulls,29,1992,26.3,23,0.87,20,0,0,2,0,1,0,0,0,0,0,0,0,0,Matches
406,Marcos López,pe PER,DF,San Jose,22,1999,15.4,23,1.5,12,3,2,3,3,0,2,0.13,0,0,1,0,1,0,Matches
407,Marvin Loría,cr CRC,"FW,MF",Portland Timbers,24,1997,8.9,35,3.93,21,3,4,4,3,0,6,0.67,2,1,1,1,1,0,Matches
408,Daniel Lovitz,us USA,DF,Nashville,30,1991,29.1,68,2.34,50,14,0,2,0,2,4,0.14,2,2,0,0,0,0,Matches
409,Damion Lowe,jm JAM,DF,Inter Miami,28,1993,26.5,16,0.6,13,0,0,0,1,2,3,0.11,3,0,0,0,0,0,Matches
410,Everton Luiz,br BRA,MF,Real Salt Lake,33,1988,4.8,4,0.83,4,0,0,0,0,0,0,0,0,0,0,0,0,0,Matches
411,Diego Luna,us USA,MF,Real Salt Lake,18,2003,3.5,14,3.96,11,1,2,0,0,0,0,0,0,0,0,0,0,0,Matches
412,Adam Lundqvist,se SWE,DF,Dynamo FC,27,1994,28.7,38,1.32,29,7,0,1,0,1,7,0.24,5,2,0,0,0,0,Matches
413,Luquinhas,br BRA,"MF,FW",NY Red Bulls,25,1996,21.5,81,3.76,51,0,8,4,14,4,10,0.46,4,0,2,0,4,0,Matches
414,Jack Lynn,us USA,"FW,DF",Orlando City,22,2000,0.1,0,0,0,0,0,0,0,0,0,0,0,0,0,0,0,0,Matches
415,Larrys Mabiala,cd COD,DF,Portland Timbers,34,1987,17.3,13,0.75,12,0,0,1,0,0,0,0,0,0,0,0,0,0,Matches
416,Aimé Mabika,zm ZAM,DF,Inter Miami,23,1998,11.4,2,0.18,2,0,0,0,0,0,0,0,0,0,0,0,0,0,Matches
417,Maciel,br BRA,MF,New England,22,2000,7.6,7,0.92,6,0,1,0,0,0,2,0.26,1,0,1,0,0,0,Matches
418,Zac MacMath,us USA,GK,Real Salt Lake,30,1991,34,7,0.21,6,1,0,0,0,0,0,0,0,0,0,0,0,0,Matches
419,Lukas MacNaughton,ca CAN,DF,Toronto FC,26,1995,19.9,5,0.25,5,0,0,0,0,0,0,0,0,0,0,0,0,0,Matches
420,Talles Magno,br BRA,"FW,MF",NYCFC,19,2002,28.8,112,3.89,83,0,13,7,8,1,17,0.59,12,0,2,2,1,0,Matches
421,Jack Maher,us USA,DF,Nashville,22,1999,20.6,16,0.78,16,0,0,0,0,0,2,0.1,2,0,0,0,0,0,Matches
422,Christian Makoun,ve VEN,"MF,DF",New England,21,2000,4.2,3,0.72,2,0,0,0,1,0,0,0,0,0,0,0,0,0,Matches
423,Christian Makoun,ve VEN,DF,Charlotte,21,2000,9.5,6,0.63,5,0,0,1,0,0,0,0,0,0,0,0,0,0,Matches
424,Adilson Malanda,fr FRA,DF,Charlotte,20,2001,6,4,0.67,3,0,0,1,0,0,1,0.17,0,0,0,1,0,0,Matches
425,Machop Malual,ss SSD,"DF,FW",Atlanta Utd,23,1998,0.9,2,2.28,2,0,0,0,0,0,0,0,0,0,0,0,0,0,Matches
Rk,Player,Nation,Pos,Squad,Age,Born,90s,SCA,SCA90,PassLive,PassDead,TO,Sh,Fld,Def,GCA,GCA90,PassLive,PassDead,TO,Sh,Fld,Def,Matches
426,Elias Manoel,br BRA,FW,NY Red Bulls,20,2001,4,7,1.76,5,0,0,1,1,0,1,0.25,1,0,0,0,0,0,Matches
427,J.T. Marcinkowski,us USA,GK,San Jose,24,1997,32.5,2,0.06,2,0,0,0,0,0,0,0,0,0,0,0,0,0,Matches
428,Paul Marie,fr FRA,DF,San Jose,26,1995,24.9,71,2.85,55,5,1,3,3,4,4,0.16,3,0,0,0,1,0,Matches
429,Anthony Markanich,us USA,DF,Colorado Rapids,22,1999,2.6,10,3.85,7,0,1,0,2,0,0,0,0,0,0,0,0,0,Matches
430,Nick Markanich,us USA,"FW,MF",FC Cincinnati,22,1999,1.2,1,0.82,0,0,0,0,1,0,0,0,0,0,0,0,0,0,Matches
431,George Marks,us USA,GK,Charlotte,22,1999,1,0,0,0,0,0,0,0,0,0,0,0,0,0,0,0,0,Matches
432,Jahkeele Marshall-Rutty,ca CAN,DF,Toronto FC,17,2004,6.9,6,0.87,3,0,0,0,3,0,0,0,0,0,0,0,0,0,Matches
433,Nick Marsman,nl NED,GK,Inter Miami,31,1990,7,0,0,0,0,0,0,0,0,0,0,0,0,0,0,0,0,Matches
434,José Martínez,es ESP,DF,FC Dallas,28,1993,29.1,11,0.38,8,0,0,2,0,1,1,0.03,1,0,0,0,0,0,Matches
435,Josef Martínez,ve VEN,FW,Atlanta Utd,28,1993,16.3,39,2.4,30,1,1,2,5,0,5,0.31,4,0,0,0,1,0,Matches
436,Luís Martins,pt POR,"DF,MF",Vancouver,29,1992,5.2,13,2.48,8,1,0,3,1,0,3,0.57,2,0,0,0,1,0,Matches
437,Thiago Martins,br BRA,DF,NYCFC,26,1995,23.9,12,0.5,9,1,0,2,0,0,3,0.13,2,0,0,1,0,0,Matches
438,Alexandru Mățan,ro ROU,"FW,MF",Columbus Crew,22,1999,0.4,1,2.73,0,0,0,1,0,0,1,2.73,0,0,0,1,0,0,Matches
439,Rónald Matarrita,cr CRC,DF,FC Cincinnati,27,1994,2.5,11,4.42,9,1,0,1,0,0,4,1.61,3,0,0,1,0,0,Matches
440,Jimmy Maurer,us USA,GK,FC Dallas,33,1988,2,0,0,0,0,0,0,0,0,0,0,0,0,0,0,0,0,Matches
441,José Mauri,it ITA,MF,Sporting KC,25,1996,0.3,0,0,0,0,0,0,0,0,0,0,0,0,0,0,0,0,Matches
442,Chris Mavinga,cd COD,DF,Toronto FC,30,1991,16.6,6,0.36,5,0,0,0,1,0,1,0.06,0,0,0,0,1,0,Matches
443,Max,br BRA,"MF,FW",Colorado Rapids,20,2001,10,26,2.59,18,0,4,3,1,0,3,0.3,2,0,0,1,0,0,Matches
444,Olivier Mbaizo,cm CMR,DF,Philadelphia,24,1997,14.5,27,1.86,21,0,4,1,1,0,7,0.48,3,0,2,1,1,0,Matches
445,Hugo-Hilaire Mbongue Mbongue,ca CAN,FW,Toronto FC,17,2004,0.3,1,3.91,0,0,0,0,1,0,0,0,0,0,0,0,0,0,Matches
446,John McCarthy,us USA,GK,Los Angeles FC,29,1992,1,0,0,0,0,0,0,0,0,0,0,0,0,0,0,0,0,Matches
447,Dax McCarty,us USA,MF,Nashville,34,1987,19.7,47,2.39,37,4,1,0,3,2,5,0.25,5,0,0,0,0,0,Matches
448,Aiden McFadden,us USA,DF,Atlanta Utd,23,1998,7.1,13,1.83,11,1,0,0,1,0,0,0,0,0,0,0,0,0,Matches
449,Jack McGlynn,us USA,MF,Philadelphia,18,2003,11.3,54,4.77,45,1,1,5,2,0,7,0.62,6,0,0,1,0,0,Matches
450,Zac McGraw,ca CAN,DF,Portland Timbers,24,1997,12,8,0.67,7,0,0,1,0,0,1,0.08,1,0,0,0,0,0,Matches
Rk,Player,Nation,Pos,Squad,Age,Born,90s,SCA,SCA90,PassLive,PassDead,TO,Sh,Fld,Def,GCA,GCA90,PassLive,PassDead,TO,Sh,Fld,Def,Matches
451,Kendall McIntosh,us USA,GK,Sporting KC,28,1994,2,0,0,0,0,0,0,0,0,0,0,0,0,0,0,0,0,Matches
452,Thomas McNamara,us USA,"MF,FW",New England,30,1991,27.5,47,1.71,42,1,0,2,1,1,10,0.36,9,0,0,1,0,0,Matches
453,Quinn McNeill,us USA,MF,Charlotte,23,1998,7.4,12,1.63,11,1,0,0,0,0,2,0.27,2,0,0,0,0,0,Matches
454,Christopher McVey,se SWE,DF,Inter Miami,24,1997,33.8,31,0.92,28,1,1,0,0,1,3,0.09,3,0,0,0,0,0,Matches
455,Ryan Meara,us USA,GK,NY Red Bulls,31,1990,1,0,0,0,0,0,0,0,0,0,0,0,0,0,0,0,0,Matches
456,Jimmy Medranda,co COL,"DF,FW",Seattle,27,1994,7.2,23,3.18,17,1,0,4,0,1,1,0.14,1,0,0,0,0,0,Matches
457,Haris Medunjanin,ba BIH,MF,FC Cincinnati,36,1985,5.2,27,5.16,20,5,0,1,0,1,2,0.38,2,0,0,0,0,0,Matches
458,Tim Melia,us USA,GK,Sporting KC,35,1986,20.6,2,0.1,1,1,0,0,0,0,0,0,0,0,0,0,0,0,Matches
459,Jhegson Méndez,ec ECU,MF,Orlando City,24,1997,4.6,5,1.08,3,0,0,0,1,1,1,0.22,0,0,0,0,1,0,Matches
460,Jhegson Méndez,ec ECU,"MF,FW",Los Angeles FC,24,1997,2.4,9,3.73,8,0,0,0,1,0,1,0.41,1,0,0,0,0,0,Matches
461,Jonathan Mensah,gh GHA,DF,Columbus Crew,31,1990,28.6,18,0.63,15,0,0,3,0,0,1,0.03,1,0,0,0,0,0,Matches
462,Justin Meram,iq IRQ,"MF,FW",Real Salt Lake,33,1988,25.3,117,4.63,73,18,13,4,8,1,13,0.51,6,3,2,0,2,0,Matches
463,Romain Métanire,mg MAD,MF,Minnesota Utd,31,1990,0.3,1,3.91,1,0,0,0,0,0,0,0,0,0,0,0,0,0,Matches
464,Nicolás Mezquida,uy URU,"MF,FW",Colorado Rapids,30,1992,1.2,8,6.37,6,1,0,0,0,1,0,0,0,0,0,0,0,0,Matches
465,Matt Miazga,us USA,DF,FC Cincinnati,26,1995,9.2,11,1.2,9,0,0,2,0,0,1,0.11,1,0,0,0,0,0,Matches
466,Micael,br BRA,MF,Dynamo FC,21,2000,0.5,0,0,0,0,0,0,0,0,0,0,0,0,0,0,0,0,Matches
467,Benji Michel,us USA,"FW,MF",Orlando City,24,1997,16.7,27,1.61,19,0,2,2,4,0,4,0.24,1,0,1,1,1,0,Matches
468,Djordje Mihailovic,us USA,"MF,FW",CF Montréal,23,1998,22.2,106,4.77,54,32,5,7,7,1,10,0.45,5,2,2,0,1,0,Matches
469,Matko Miljevic,us USA,"MF,FW",CF Montréal,20,2001,7.7,39,5.05,21,12,1,4,1,0,2,0.26,0,0,0,1,1,0,Matches
470,Eric Miller,us USA,DF,Nashville,29,1993,14.9,15,1,15,0,0,0,0,0,0,0,0,0,0,0,0,0,Matches
471,Kamal Miller,ca CAN,DF,CF Montréal,24,1997,25.5,36,1.41,30,1,2,2,1,0,6,0.24,4,0,1,1,0,0,Matches
472,Tyler Miller,us USA,GK,Minnesota Utd,28,1993,2.5,2,0.8,1,1,0,0,0,0,0,0,0,0,0,0,0,0,Matches
473,Kevin Molino,tt TRI,FW,Columbus Crew,31,1990,4.9,11,2.24,10,0,0,0,1,0,2,0.41,2,0,0,0,0,0,Matches
474,Alex Monis,us USA,FW,Chicago Fire,18,2003,0,0,0,0,0,0,0,0,0,0,0,0,0,0,0,0,0,Matches
475,Jamiro Monteiro,cv CPV,MF,San Jose,28,1993,29.3,124,4.23,104,2,5,5,4,4,12,0.41,10,0,0,1,0,1,Matches
Rk,Player,Nation,Pos,Squad,Age,Born,90s,SCA,SCA90,PassLive,PassDead,TO,Sh,Fld,Def,GCA,GCA90,PassLive,PassDead,TO,Sh,Fld,Def,Matches
476,Fredy Montero,co COL,"FW,MF",Seattle,34,1987,14.3,47,3.29,29,1,5,4,8,0,7,0.49,4,0,0,1,2,0,Matches
477,Kim Moonhwan,kr KOR,DF,Los Angeles FC,26,1995,0.9,0,0,0,0,0,0,0,0,0,0,0,0,0,0,0,0,Matches
478,Drew Moor,us USA,"DF,MF",Colorado Rapids,38,1984,2.6,1,0.39,1,0,0,0,0,0,0,0,0,0,0,0,0,0,Matches
479,Shaquell Moore,us USA,DF,Nashville,25,1996,9.9,22,2.23,16,1,1,2,1,1,4,0.41,3,0,0,1,0,0,Matches
480,Felipe Mora,cl CHI,"FW,MF",Portland Timbers,28,1993,0.9,1,1.08,0,0,0,0,1,0,1,1.08,0,0,0,0,1,0,Matches
481,Joseph Mora,cr CRC,DF,Charlotte,29,1993,19.1,30,1.57,24,4,0,1,0,1,1,0.05,1,0,0,0,0,0,Matches
482,Alfredo Morales,us USA,"MF,DF",NYCFC,31,1990,20.9,30,1.44,25,0,1,3,1,0,2,0.1,2,0,0,0,0,0,Matches
483,Maximiliano Moralez,ar ARG,MF,NYCFC,34,1987,23.3,142,6.09,94,36,3,5,2,2,12,0.51,8,3,1,0,0,0,Matches
484,Steven Moreira,fr FRA,DF,Columbus Crew,27,1994,30.9,81,2.62,71,3,5,1,1,0,13,0.42,11,1,1,0,0,0,Matches
485,Junior Moreno,ve VEN,MF,FC Cincinnati,28,1993,22.6,45,1.99,42,0,0,1,0,2,3,0.13,3,0,0,0,0,0,Matches
486,Marcelino Moreno,ar ARG,"MF,FW",Atlanta Utd,27,1994,19.6,112,5.7,77,10,7,5,13,0,12,0.61,10,1,1,0,0,0,Matches
487,Santiago Moreno,co COL,"FW,MF",Portland Timbers,21,2000,27,113,4.19,80,10,9,6,4,4,16,0.59,10,1,2,1,2,0,Matches
488,Lewis Morgan,sct SCO,"FW,MF",NY Red Bulls,25,1996,29.5,90,3.05,56,17,2,8,5,2,7,0.24,4,1,0,1,1,0,Matches
489,Aidan Morris,us USA,MF,Columbus Crew,20,2001,20.1,45,2.24,35,4,0,3,0,3,1,0.05,1,0,0,0,0,0,Matches
490,Jordan Morris,us USA,FW,Seattle,27,1994,25.7,60,2.33,43,0,5,8,3,1,9,0.35,5,0,1,1,2,0,Matches
491,Ravel Morrison,jm JAM,"MF,FW",D.C. United,28,1993,10.7,17,1.58,11,1,1,3,0,1,0,0,0,0,0,0,0,0,Matches
492,Edwin Mosquera,co COL,"FW,DF",Atlanta Utd,20,2001,3.5,9,2.6,7,1,1,0,0,0,3,0.87,1,1,1,0,0,0,Matches
493,Juan Mosquera,co COL,"DF,MF",Portland Timbers,19,2002,2.1,5,2.38,4,0,0,0,1,0,1,0.48,1,0,0,0,0,0,Matches
494,Jean Mota,br BRA,MF,Inter Miami,28,1993,29.6,96,3.25,67,13,1,4,6,5,9,0.3,4,1,0,2,1,1,Matches
495,João Moutinho,pt POR,DF,Orlando City,24,1998,27.3,55,2.01,44,7,1,1,0,2,4,0.15,2,2,0,0,0,0,Matches
496,Chris Mueller,us USA,FW,Chicago Fire,25,1996,21.8,83,3.81,57,6,5,4,8,3,7,0.32,5,0,1,0,0,1,Matches
497,Hany Mukhtar,de GER,"FW,MF",Nashville,26,1995,31.4,166,5.29,89,41,8,16,10,2,22,0.7,10,5,0,5,2,0,Matches
498,Jake Mulraney,ie IRL,"FW,DF",Atlanta Utd,25,1996,2,2,0.98,2,0,0,0,0,0,0,0,0,0,0,0,0,0,Matches
499,Jake Mulraney,ie IRL,"FW,MF",Orlando City,25,1996,8.1,18,2.23,12,0,1,3,1,1,0,0,0,0,0,0,0,0,Matches
500,Eddie Munjoma,us USA,"DF,FW",FC Dallas,23,1998,1.1,0,0,0,0,0,0,0,0,0,0,0,0,0,0,0,0,Matches
Rk,Player,Nation,Pos,Squad,Age,Born,90s,SCA,SCA90,PassLive,PassDead,TO,Sh,Fld,Def,GCA,GCA90,PassLive,PassDead,TO,Sh,Fld,Def,Matches
501,Ian Murphy,us USA,DF,FC Cincinnati,22,2000,16.3,8,0.49,7,0,0,0,0,1,0,0,0,0,0,0,0,0,Matches
502,Daniel Musovski,us USA,"FW,MF",Los Angeles FC,26,1995,5.7,15,2.63,9,0,4,0,2,0,1,0.18,1,0,0,0,0,0,Matches
503,Daniel Musovski,us USA,"FW,MF",Real Salt Lake,26,1995,0.5,1,2,1,0,0,0,0,0,0,0,0,0,0,0,0,0,Matches
504,Alex Muyl,us USA,"DF,MF",Nashville,26,1995,22.4,53,2.36,38,1,4,5,5,0,5,0.22,5,0,0,0,0,0,Matches
505,Darlington Nagbe,us USA,MF,Columbus Crew,31,1990,33.7,46,1.36,42,2,0,0,1,1,3,0.09,1,1,0,0,1,0,Matches
506,Andy Najar,hn HON,DF,D.C. United,28,1993,18.5,42,2.27,35,0,2,1,2,2,3,0.16,2,0,0,0,1,0,Matches
507,Federico Navarro,ar ARG,MF,Chicago Fire,21,2000,27.3,39,1.43,31,1,0,4,1,2,5,0.18,5,0,0,0,0,0,Matches
508,Miguel Navarro,ve VEN,DF,Chicago Fire,22,1999,24.1,48,1.99,40,2,0,0,3,3,4,0.17,3,0,0,0,0,1,Matches
509,Hassan Ndam,cm CMR,DF,NY Red Bulls,23,1998,0.5,0,0,0,0,0,0,0,0,0,0,0,0,0,0,0,0,Matches
510,Logan Ndenbe,be BEL,DF,Sporting KC,21,2000,19.5,32,1.64,23,2,2,0,5,0,0,0,0,0,0,0,0,0,Matches
511,Dylan Nealis,us USA,DF,NY Red Bulls,23,1998,20,33,1.65,28,2,1,1,1,0,4,0.2,4,0,0,0,0,0,Matches
512,Sean Nealis,us USA,DF,NY Red Bulls,25,1997,32.8,21,0.64,17,0,0,3,1,0,2,0.06,0,0,0,2,0,0,Matches
513,Jayden Nelson,ca CAN,"MF,FW",Toronto FC,19,2002,21.9,41,1.88,33,0,3,2,2,1,4,0.18,4,0,0,0,0,0,Matches
514,John Nelson,us USA,DF,FC Cincinnati,23,1998,13.4,23,1.71,19,2,0,1,0,1,2,0.15,2,0,0,0,0,0,Matches
515,Michael Nelson,us USA,GK,Dynamo FC,26,1995,1.7,0,0,0,0,0,0,0,0,0,0,0,0,0,0,0,0,Matches
516,Jake Nerwinski,us USA,DF,Vancouver,27,1994,20.1,10,0.5,7,2,0,1,0,0,1,0.05,0,1,0,0,0,0,Matches
517,Harvey Neville,eng ENG,DF,Inter Miami,19,2002,0.1,0,0,0,0,0,0,0,0,0,0,0,0,0,0,0,0,Matches
518,Serge Ngoma,us USA,"FW,MF",NY Red Bulls,16,2005,1.3,3,2.33,1,0,0,0,1,1,1,0.78,0,0,0,0,0,1,Matches
519,Sam Nicholson,sct SCO,"MF,FW",Colorado Rapids,27,1995,9.2,29,3.14,22,0,5,1,1,0,1,0.11,1,0,0,0,0,0,Matches
520,Jarosław Niezgoda,pl POL,FW,Portland Timbers,26,1995,21.9,59,2.7,48,0,1,5,4,1,9,0.41,4,0,1,2,2,0,Matches
521,Tsiki Ntsabeleng,za RSA,MF,FC Dallas,23,1998,9.3,30,3.21,24,1,2,1,2,0,4,0.43,3,0,0,1,0,0,Matches
522,Obinna Nwobodo,ng NGA,MF,FC Cincinnati,25,1996,22.9,33,1.44,29,0,0,1,1,2,3,0.13,2,0,0,1,0,0,Matches
523,Moses Nyeman,us USA,MF,D.C. United,18,2003,1.6,1,0.63,0,0,0,0,1,0,0,0,0,0,0,0,0,0,Matches
524,Shane O'Neill,us USA,DF,Toronto FC,28,1993,21.1,12,0.57,10,0,0,1,1,0,1,0.05,1,0,0,0,0,0,Matches
525,Kevin O'Toole,us USA,"FW,MF",NYCFC,23,1998,3,2,0.67,2,0,0,0,0,0,0,0,0,0,0,0,0,0,Matches
Rk,Player,Nation,Pos,Squad,Age,Born,90s,SCA,SCA90,PassLive,PassDead,TO,Sh,Fld,Def,GCA,GCA90,PassLive,PassDead,TO,Sh,Fld,Def,Matches
526,Jáder Obrian,co COL,FW,FC Dallas,26,1995,14.9,36,2.42,29,1,0,5,1,0,4,0.27,4,0,0,0,0,0,Matches
527,David Ochoa,us USA,GK,D.C. United,21,2001,9,3,0.33,1,2,0,0,0,0,0,0,0,0,0,0,0,0,Matches
528,Chris Odoi-Atsem,us USA,DF,D.C. United,26,1995,9.5,9,0.95,8,1,0,0,0,0,1,0.11,1,0,0,0,0,0,Matches
529,Chinonso Offor,ng NGA,FW,Chicago Fire,21,2000,3,5,1.68,4,0,0,0,1,0,0,0,0,0,0,0,0,0,Matches
530,Braian Ojeda,py PAR,MF,Real Salt Lake,21,2000,3.9,8,2.05,7,0,1,0,0,0,0,0,0,0,0,0,0,0,Matches
531,Noble Okello,ca CAN,"MF,FW",Toronto FC,21,2000,3.9,4,1.03,3,0,1,0,0,0,0,0,0,0,0,0,0,0,Matches
532,Wyatt Omsberg,us USA,DF,Chicago Fire,26,1995,14,4,0.29,3,0,0,1,0,0,0,0,0,0,0,0,0,0,Matches
533,Easton Ongaro,ca CAN,FW,Vancouver,23,1998,0.5,0,0,0,0,0,0,0,0,0,0,0,0,0,0,0,0,Matches
534,Kwadwo Opoku,gh GHA,"FW,MF",Los Angeles FC,20,2001,19.7,72,3.66,49,0,8,9,4,2,6,0.31,6,0,0,0,0,0,Matches
535,Arquimides Ordonez,gt GUA,"FW,MF",FC Cincinnati,18,2003,1,1,1,0,0,1,0,0,0,0,0,0,0,0,0,0,0,Matches
536,Sergio Oregel,us USA,MF,Chicago Fire,16,2005,0.1,0,0,0,0,0,0,0,0,0,0,0,0,0,0,0,0,Matches
537,Jaziel Orozco,us USA,DF,Real Salt Lake,17,2004,3.5,4,1.14,2,0,0,2,0,0,1,0.29,1,0,0,0,0,0,Matches
538,Christian Ortiz,ar ARG,"MF,FW",Charlotte,29,1992,7.1,27,3.79,17,6,1,2,1,0,2,0.28,1,0,0,1,0,0,Matches
539,Jonathan Osorio,ca CAN,MF,Toronto FC,29,1992,18.7,52,2.77,45,0,5,1,1,0,9,0.48,7,0,2,0,0,0,Matches
540,Bryan Oviedo,cr CRC,"DF,MF",Real Salt Lake,31,1990,4,9,2.24,7,0,0,1,0,1,2,0.5,2,0,0,0,0,0,Matches
541,Leonard Owusu,gh GHA,MF,Vancouver,24,1997,9.7,16,1.64,14,0,0,0,2,0,0,0,0,0,0,0,0,0,Matches
542,Maarten Paes,nl NED,GK,FC Dallas,23,1998,32,5,0.16,4,1,0,0,0,0,0,0,0,0,0,0,0,0,Matches
543,Diego Palacios,ec ECU,DF,Los Angeles FC,22,1999,26.7,79,2.95,67,3,3,4,1,1,8,0.3,8,0,0,0,0,0,Matches
544,Victor Pálsson,is ISL,"MF,DF",D.C. United,30,1991,9.7,8,0.83,6,0,0,1,0,1,0,0,0,0,0,0,0,0,Matches
545,Elliot Panicco,us USA,GK,Nashville,25,1996,2,1,0.5,1,0,0,0,0,0,0,0,0,0,0,0,0,0,Matches
546,James Pantemis,ca CAN,GK,CF Montréal,24,1997,11,1,0.09,1,0,0,0,0,0,0,0,0,0,0,0,0,0,Matches
547,Cristhian Paredes,py PAR,MF,Portland Timbers,23,1998,18.5,42,2.27,25,1,1,7,7,1,7,0.38,4,1,0,1,1,0,Matches
548,Tim Parker,us USA,DF,Dynamo FC,28,1993,25,11,0.44,10,1,0,0,0,0,1,0.04,1,0,0,0,0,0,Matches
549,Keaton Parks,us USA,MF,NYCFC,24,1997,11.4,40,3.51,33,0,1,4,1,1,7,0.61,4,0,0,1,1,1,Matches
550,Tyler Pasher,ca CAN,"FW,MF",Dynamo FC,27,1994,7,17,2.44,17,0,0,0,0,0,1,0.14,1,0,0,0,0,0,Matches
Rk,Player,Nation,Pos,Squad,Age,Born,90s,SCA,SCA90,PassLive,PassDead,TO,Sh,Fld,Def,GCA,GCA90,PassLive,PassDead,TO,Sh,Fld,Def,Matches
551,Alexandre Pato,br BRA,"FW,MF",Orlando City,32,1989,13.3,57,4.29,33,7,6,5,5,1,7,0.53,5,1,0,0,0,1,Matches
552,João Paulo Mior,br BRA,MF,Seattle,30,1991,5,14,2.78,7,4,0,2,1,0,2,0.4,1,1,0,0,0,0,Matches
553,Matías Pellegrini,ar ARG,"DF,FW",NYCFC,21,2000,0.7,6,8.57,4,0,1,0,1,0,0,0,0,0,0,0,0,0,Matches
554,Jason Pendant,fr FRA,"DF,MF",NY Red Bulls,24,1997,0.9,2,2.28,2,0,0,0,0,0,0,0,0,0,0,0,0,0,Matches
555,Andrés Perea,us USA,"MF,FW",Orlando City,21,2000,9,21,2.32,20,1,0,0,0,0,0,0,0,0,0,0,0,0,Matches
556,Daniel Pereira,ve VEN,MF,Austin,21,2000,23.2,56,2.42,48,0,3,1,4,0,5,0.22,3,0,0,0,2,0,Matches
557,Gabriel Pereira,br BRA,FW,NYCFC,20,2001,14.9,57,3.81,35,10,7,3,2,0,7,0.47,3,0,3,0,1,0,Matches
558,Mauricio Pereyra,uy URU,MF,Orlando City,31,1990,28.1,136,4.84,97,31,0,5,3,0,11,0.39,7,2,0,2,0,0,Matches
559,Adrien Perez,us USA,MF,D.C. United,26,1995,1.5,2,1.35,2,0,0,0,0,0,0,0,0,0,0,0,0,0,Matches
560,Jonathan Perez,mx MEX,DF,LA Galaxy,19,2003,0.1,0,0,0,0,0,0,0,0,0,0,0,0,0,0,0,0,Matches
561,Jordan Perruzza,ca CAN,"FW,MF",Toronto FC,21,2001,2.6,7,2.72,4,0,0,2,1,0,2,0.78,0,0,0,1,1,0,Matches
562,Luca Petrasso,ca CAN,"DF,MF",Toronto FC,21,2000,18.7,37,1.98,28,6,1,1,1,0,5,0.27,4,1,0,0,0,0,Matches
563,Đorđe Petrović,rs SRB,GK,New England,22,1999,21,1,0.05,1,0,0,0,0,0,0,0,0,0,0,0,0,0,Matches
564,Fafà Picault,ht HAI,FW,Dynamo FC,30,1991,26.2,56,2.14,35,1,5,8,6,1,6,0.23,3,0,0,2,1,0,Matches
565,Kayden Pierre,us USA,DF,Sporting KC,18,2003,10.6,15,1.42,13,1,0,0,1,0,3,0.28,3,0,0,0,0,0,Matches
566,Samuel Piette,ca CAN,MF,CF Montréal,27,1994,16.6,32,1.93,31,0,0,0,0,1,4,0.24,4,0,0,0,0,0,Matches
567,Mauricio Pineda,us USA,"MF,DF",Chicago Fire,24,1997,22.2,31,1.4,27,0,1,2,1,0,4,0.18,3,0,0,0,1,0,Matches
568,Donovan Pines,us USA,DF,D.C. United,23,1998,16.1,8,0.5,8,0,0,0,0,0,1,0.06,1,0,0,0,0,0,Matches
569,Matt Polster,us USA,MF,New England,28,1993,23.5,42,1.79,33,0,2,2,1,4,3,0.13,2,0,0,0,1,0,Matches
570,Paxton Pomykal,us USA,MF,FC Dallas,22,1999,27,64,2.37,52,2,4,1,3,2,10,0.37,8,0,0,1,0,1,Matches
571,Alvas Powell,jm JAM,DF,FC Cincinnati,27,1994,21.4,44,2.05,28,5,7,1,3,0,7,0.33,4,1,1,0,1,0,Matches
572,Alejandro Pozuelo,es ESP,"MF,FW",Toronto FC,30,1991,15.6,69,4.42,45,13,5,1,2,3,10,0.64,5,2,2,0,1,0,Matches
573,Alejandro Pozuelo,es ESP,"MF,FW",Inter Miami,30,1991,10.8,46,4.29,43,0,1,0,2,0,10,0.93,9,0,0,0,1,0,Matches
574,Jack Price,eng ENG,MF,Colorado Rapids,29,1992,12.3,42,3.41,20,22,0,0,0,0,3,0.24,3,0,0,0,0,0,Matches
575,Ralph Priso-Mbongue,ca CAN,MF,Toronto FC,19,2002,3.1,7,2.27,7,0,0,0,0,0,0,0,0,0,0,0,0,0,Matches
Rk,Player,Nation,Pos,Squad,Age,Born,90s,SCA,SCA90,PassLive,PassDead,TO,Sh,Fld,Def,GCA,GCA90,PassLive,PassDead,TO,Sh,Fld,Def,Matches
576,Ralph Priso-Mbongue,ca CAN,MF,Colorado Rapids,19,2002,2.1,6,2.84,6,0,0,0,0,0,0,0,0,0,0,0,0,0,Matches
577,Kacper Przybyłko,pl POL,FW,Chicago Fire,28,1993,17.8,49,2.75,34,0,5,6,3,1,3,0.17,3,0,0,0,0,0,Matches
578,Riqui Puig,es ESP,MF,LA Galaxy,22,1999,9.2,38,4.14,32,1,0,0,4,1,6,0.65,6,0,0,0,0,0,Matches
579,John Pulskamp,us USA,GK,Sporting KC,20,2001,11.4,0,0,0,0,0,0,0,0,0,0,0,0,0,0,0,0,Matches
580,Facundo Quignon,ar ARG,MF,FC Dallas,28,1993,14.3,22,1.54,20,1,1,0,0,0,1,0.07,1,0,0,0,0,0,Matches
581,Nelson Quiñones,co COL,FW,Dynamo FC,19,2002,1.4,3,2.21,3,0,0,0,0,0,0,0,0,0,0,0,0,0,Matches
582,Joshué Quiñónez,ec ECU,DF,FC Dallas,21,2000,1.1,3,2.7,2,1,0,0,0,0,0,0,0,0,0,0,0,0,Matches
583,Darwin Quintero,co COL,"MF,FW",Dynamo FC,34,1987,19.6,109,5.55,76,18,6,4,4,1,13,0.66,9,0,1,1,1,1,Matches
584,Jairo Quinteros,bo BOL,DF,Inter Miami,20,2001,3.1,0,0,0,0,0,0,0,0,0,0,0,0,0,0,0,0,Matches
585,Romell Quioto,hn HON,FW,CF Montréal,30,1991,22.7,74,3.26,39,7,15,8,5,0,12,0.53,6,0,5,0,1,0,Matches
586,Jackson Ragen,us USA,DF,Seattle,23,1998,15.5,8,0.52,7,0,0,1,0,0,0,0,0,0,0,0,0,0,Matches
587,Brooklyn Raines,us USA,MF,Dynamo FC,16,2005,0.4,0,0,0,0,0,0,0,0,0,0,0,0,0,0,0,0,Matches
588,Ryan Raposo,ca CAN,DF,Vancouver,22,1999,16,43,2.69,32,6,1,2,2,0,4,0.25,4,0,0,0,0,0,Matches
589,Justin Rasmussen,us USA,DF,Portland Timbers,23,1998,7.2,10,1.39,7,0,2,1,0,0,0,0,0,0,0,0,0,0,Matches
590,Rayan Raveloson,mg MAD,MF,LA Galaxy,25,1997,19.8,42,2.12,34,0,2,2,3,1,6,0.3,5,0,0,0,1,0,Matches
591,Matthew Real,us USA,"MF,DF",Philadelphia,22,1999,1.9,4,2.08,2,1,0,1,0,0,0,0,0,0,0,0,0,0,Matches
592,Rodney Redes,py PAR,"FW,MF",Austin,21,2000,1.9,3,1.57,1,0,0,0,2,0,0,0,0,0,0,0,0,0,Matches
593,Benjamin Redzic,us USA,"MF,FW",FC Dallas,19,2002,0.7,4,5.37,3,0,0,1,0,0,0,0,0,0,0,0,0,0,Matches
594,Pierre Reedy,us USA,MF,Real Salt Lake,24,1998,0.1,0,0,0,0,0,0,0,0,0,0,0,0,0,0,0,0,Matches
595,Eric Remedi,ar ARG,MF,San Jose,26,1995,16,37,2.31,27,3,2,3,2,0,1,0.06,1,0,0,0,0,0,Matches
596,Justin Rennicks,us USA,FW,New England,22,1999,8.7,10,1.15,6,0,0,1,3,0,1,0.12,0,0,0,0,1,0,Matches
597,Ben Reveno,us USA,FW,New England,22,1999,0,0,0,0,0,0,0,0,0,0,0,0,0,0,0,0,0,Matches
598,Andrés Reyes,co COL,DF,NY Red Bulls,22,1999,7.7,1,0.13,0,0,0,0,1,0,1,0.13,0,0,0,0,1,0,Matches
599,Yordy Reyna,pe PER,"MF,FW",Charlotte,28,1993,9.4,36,3.83,28,4,1,2,0,1,7,0.74,6,0,0,1,0,0,Matches
600,Andre Reynolds II,us USA,"FW,DF",Chicago Fire,20,2001,4.5,4,0.89,4,0,0,0,0,0,0,0,0,0,0,0,0,0,Matches
Rk,Player,Nation,Pos,Squad,Age,Born,90s,SCA,SCA90,PassLive,PassDead,TO,Sh,Fld,Def,GCA,GCA90,PassLive,PassDead,TO,Sh,Fld,Def,Matches
601,Emanuel Reynoso,ar ARG,"MF,FW",Minnesota Utd,26,1995,28,190,6.8,98,44,15,12,19,2,23,0.82,13,3,2,2,2,1,Matches
602,Spencer Richey,us USA,GK,Chicago Fire,29,1992,1,0,0,0,0,0,0,0,0,0,0,0,0,0,0,0,0,Matches
603,Will Richmond,us USA,"MF,FW",San Jose,21,2000,0.5,4,8,2,0,2,0,0,0,0,0,0,0,0,0,0,0,Matches
604,Tosaint Ricketts,ca CAN,"FW,DF",Vancouver,34,1987,5,13,2.6,8,0,1,1,2,1,2,0.4,1,0,0,0,1,0,Matches
605,Emiliano Rigoni,ar ARG,FW,Austin,28,1993,3.1,12,3.82,7,3,1,0,1,0,0,0,0,0,0,0,0,0,Matches
606,Alexander Ring,fi FIN,MF,Austin,30,1991,30.9,84,2.72,70,3,2,5,2,2,14,0.45,13,0,0,1,0,0,Matches
607,Rocco Ríos Novo,ar ARG,GK,Atlanta Utd,19,2002,15.5,1,0.06,1,0,0,0,0,0,0,0,0,0,0,0,0,0,Matches
608,Damien Rivera,us USA,"FW,MF",New England,19,2002,4.6,9,1.95,6,0,0,2,1,0,0,0,0,0,0,0,0,0,Matches
609,Nigel Robertha,nl NED,"FW,MF",D.C. United,23,1998,7.9,32,4.02,26,0,3,1,1,1,4,0.5,3,0,0,0,0,1,Matches
610,Miles Robinson,us USA,DF,Atlanta Utd,24,1997,7.3,1,0.14,1,0,0,0,0,0,0,0,0,0,0,0,0,0,Matches
611,Robbie Robinson,us USA,"FW,MF",Inter Miami,23,1998,5.4,19,3.52,14,1,1,1,2,0,1,0.19,1,0,0,0,0,0,Matches
612,Harrison Robledo,us USA,"MF,DF",FC Cincinnati,19,2002,0.5,2,4,1,0,0,0,1,0,0,0,0,0,0,0,0,0,Matches
613,Rodrigues,br BRA,DF,San Jose,24,1997,6.9,2,0.29,2,0,0,0,0,0,0,0,0,0,0,0,0,0,Matches
614,Abraham Rodriguez,us USA,GK,Colorado Rapids,19,2002,0.5,0,0,0,0,0,0,0,0,0,0,0,0,0,0,0,0,Matches
615,Brian Rodríguez,uy URU,FW,Los Angeles FC,21,2000,9.1,30,3.3,23,0,4,2,1,0,5,0.55,4,0,1,0,0,0,Matches
616,Emerson Rodríguez,co COL,"FW,MF",Inter Miami,21,2000,5.9,20,3.41,14,0,1,3,2,0,1,0.17,0,0,0,1,0,0,Matches
617,Martín Rodríguez,cl CHI,"FW,MF",D.C. United,27,1994,10,36,3.59,19,12,1,0,2,2,4,0.4,3,1,0,0,0,0,Matches
618,Memo Rodriguez,us USA,"MF,FW",Dynamo FC,26,1995,16.7,63,3.78,38,8,4,4,6,3,5,0.3,4,0,0,1,0,0,Matches
619,Santiago Rodríguez,uy URU,"MF,FW",NYCFC,22,2000,27.3,131,4.79,87,20,9,9,4,2,16,0.59,11,3,1,1,0,0,Matches
620,Alex Roldan,sv SLV,DF,Seattle,25,1996,29,77,2.66,71,3,1,1,0,1,9,0.31,9,0,0,0,0,0,Matches
621,Cristian Roldan,us USA,"FW,MF",Seattle,26,1995,23.4,78,3.34,67,0,2,4,5,0,10,0.43,8,0,0,1,1,0,Matches
622,Jhohan Romaña,co COL,DF,Austin,23,1998,3.7,3,0.8,3,0,0,0,0,0,1,0.27,1,0,0,0,0,0,Matches
623,David Romney,us USA,DF,Nashville,28,1993,29.4,26,0.89,12,8,0,6,0,0,3,0.1,1,1,0,1,0,0,Matches
624,Rafael Romo,ve VEN,GK,D.C. United,31,1990,13.5,1,0.07,1,0,0,0,0,0,0,0,0,0,0,0,0,0,Matches
625,Eloy Room,cw CUW,GK,Columbus Crew,32,1989,34,1,0.03,1,0,0,0,0,0,1,0.03,1,0,0,0,0,0,Matches
Rk,Player,Nation,Pos,Squad,Age,Born,90s,SCA,SCA90,PassLive,PassDead,TO,Sh,Fld,Def,GCA,GCA90,PassLive,PassDead,TO,Sh,Fld,Def,Matches
626,Joseph Rosales,hn HON,MF,Minnesota Utd,21,2000,11.7,22,1.88,12,5,2,1,2,0,4,0.34,2,1,0,0,1,0,Matches
627,Oriol Rosell,es ESP,MF,Sporting KC,29,1992,10,10,1,8,1,0,0,0,1,1,0.1,0,1,0,0,0,0,Matches
628,Keegan Rosenberry,us USA,"DF,MF",Colorado Rapids,28,1993,32.9,45,1.37,36,5,3,1,0,0,4,0.12,2,2,0,0,0,0,Matches
629,Matheus Rossetto,br BRA,MF,Atlanta Utd,25,1996,17.8,41,2.3,35,1,1,2,1,1,3,0.17,2,0,0,1,0,0,Matches
630,Paul Rothrock,us USA,"FW,DF",Toronto FC,23,1999,0.4,1,2.65,1,0,0,0,0,0,0,0,0,0,0,0,0,0,Matches
631,Kelyn Rowe,us USA,"DF,MF",Seattle,30,1991,14.5,24,1.66,20,1,1,1,0,1,3,0.21,3,0,0,0,0,0,Matches
632,Ruan,br BRA,DF,Orlando City,26,1995,27.3,56,2.05,48,0,3,3,2,0,5,0.18,4,0,0,0,1,0,Matches
633,Rubio Rubin,gt GUA,"FW,MF",Real Salt Lake,25,1996,9.6,14,1.46,13,0,0,1,0,0,0,0,0,0,0,0,0,0,Matches
634,Diego Rubio,cl CHI,"MF,FW",Colorado Rapids,28,1993,27.1,121,4.47,91,2,7,9,11,1,17,0.63,12,0,0,3,2,0,Matches
635,Raúl Ruidíaz,pe PER,FW,Seattle,31,1990,14.5,30,2.07,11,1,6,6,6,0,6,0.41,2,0,0,2,2,0,Matches
636,Pablo Ruíz,ar ARG,MF,Real Salt Lake,23,1998,26.8,86,3.21,48,27,1,6,2,2,9,0.34,5,3,0,1,0,0,Matches
637,Sergio Ruiz,es ESP,MF,Charlotte,27,1994,8,23,2.86,18,2,0,1,2,0,5,0.62,3,0,0,0,2,0,Matches
638,Albert Rusnák,sk SVK,MF,Seattle,27,1994,28.9,93,3.22,69,18,0,5,1,0,4,0.14,4,0,0,0,0,0,Matches
639,Johnny Russell,sct SCO,"FW,MF",Sporting KC,31,1990,30,83,2.77,63,4,8,2,6,0,7,0.23,7,0,0,0,0,0,Matches
640,Jacen Russell-Rowe,ca CAN,FW,Columbus Crew,19,2002,2.5,8,3.14,5,0,0,1,2,0,3,1.18,2,0,0,1,0,0,Matches
641,Zach Ryan,us USA,FW,NY Red Bulls,23,1999,0.5,1,2.09,1,0,0,0,0,0,0,0,0,0,0,0,0,0,Matches
642,Ryan Sailor,us USA,DF,Inter Miami,23,1998,16.9,2,0.12,2,0,0,0,0,0,0,0,0,0,0,0,0,0,Matches
643,Carlos Salcedo,mx MEX,DF,Toronto FC,28,1993,12.8,7,0.55,5,1,0,1,0,0,0,0,0,0,0,0,0,0,Matches
644,Adam Saldaña,us USA,MF,LA Galaxy,19,2002,0.1,0,0,0,0,0,0,0,0,0,0,0,0,0,0,0,0,Matches
645,Shea Salinas,us USA,"FW,DF",San Jose,35,1986,2.3,8,3.53,4,0,1,2,1,0,2,0.88,0,0,1,0,1,0,Matches
646,Dániel Sallói,hu HUN,"FW,MF",Sporting KC,25,1996,28.1,84,2.99,57,3,12,5,5,2,12,0.43,8,0,1,1,2,0,Matches
647,Gaoussou Samaké,ci CIV,DF,D.C. United,24,1997,1.2,2,1.61,2,0,0,0,0,0,0,0,0,0,0,0,0,0,Matches
648,Ilie Sánchez,es ESP,MF,Los Angeles FC,31,1990,29.7,56,1.88,52,0,0,3,0,1,6,0.2,4,0,0,2,0,0,Matches
649,William Sands,us USA,DF,Columbus Crew,21,2000,7.1,6,0.84,5,0,0,1,0,0,1,0.14,1,0,0,0,0,0,Matches
650,Sergio Santos Gomes,br BRA,FW,Philadelphia,27,1994,6.8,33,4.88,25,0,3,1,2,2,4,0.59,4,0,0,0,0,0,Matches
Rk,Player,Nation,Pos,Squad,Age,Born,90s,SCA,SCA90,PassLive,PassDead,TO,Sh,Fld,Def,GCA,GCA90,PassLive,PassDead,TO,Sh,Fld,Def,Matches
651,Sergio Santos Gomes,br BRA,FW,FC Cincinnati,27,1994,1.5,8,5.22,3,0,1,0,4,0,1,0.65,0,0,0,0,1,0,Matches
652,Koa Santos,us USA,MF,Charlotte,22,1999,0.6,0,0,0,0,0,0,0,0,0,0,0,0,0,0,0,0,Matches
653,Nuno Santos,pt POR,"MF,FW",Charlotte,22,1999,1.8,5,2.81,4,0,0,1,0,0,2,1.13,1,0,0,1,0,0,Matches
654,Pedro Santos,pt POR,DF,Columbus Crew,33,1988,25.9,53,2.05,37,5,1,4,3,3,7,0.27,5,1,0,0,1,0,Matches
655,C.J. Sapong,us USA,FW,Nashville,33,1988,27.4,59,2.15,43,1,3,5,7,0,8,0.29,5,0,0,1,2,0,Matches
656,Jefferson Savarino,ve VEN,"FW,MF",Real Salt Lake,25,1996,16.9,82,4.85,54,16,6,4,2,0,6,0.35,4,2,0,0,0,0,Matches
657,Rodrigo Schlegel,ar ARG,DF,Orlando City,24,1997,24.1,14,0.58,10,1,0,2,1,0,1,0.04,0,0,0,1,0,0,Matches
658,Tate Schmitt,us USA,"DF,MF",Real Salt Lake,24,1997,9.6,10,1.05,9,0,1,0,0,0,1,0.1,1,0,0,0,0,0,Matches
659,Alessandro Schöpf,at AUT,MF,Vancouver,27,1994,3.8,7,1.85,6,0,0,1,0,0,0,0,0,0,0,0,0,0,Matches
660,Eddie Segura,co COL,DF,Los Angeles FC,24,1997,9.2,7,0.76,6,0,0,1,0,0,0,0,0,0,0,0,0,0,Matches
661,Amar Sejdic,us USA,MF,Atlanta Utd,25,1996,14.5,34,2.34,31,0,0,2,1,0,2,0.14,2,0,0,0,0,0,Matches
662,Boris Sekulić,sk SVK,DF,Chicago Fire,30,1991,31.3,63,2.01,51,3,2,5,1,1,5,0.16,4,0,0,1,0,0,Matches
663,Brandon Servania,us USA,MF,FC Dallas,22,1999,14.7,29,1.98,21,2,0,4,2,0,5,0.34,4,0,0,1,0,0,Matches
664,Jacob Shaffelburg,ca CAN,"DF,FW",Toronto FC,22,1999,6.5,7,1.08,5,0,1,1,0,0,2,0.31,2,0,0,0,0,0,Matches
665,Jacob Shaffelburg,ca CAN,"MF,FW",Nashville,22,1999,5.6,22,3.92,12,0,3,3,3,1,3,0.53,2,0,0,0,1,0,Matches
666,Xherdan Shaqiri,ch SUI,MF,Chicago Fire,30,1991,25,123,4.92,90,23,4,4,2,0,13,0.52,11,2,0,0,0,0,Matches
667,Brek Shea,us USA,DF,Inter Miami,31,1990,1.8,2,1.12,2,0,0,0,0,0,0,0,0,0,0,0,0,0,Matches
668,Khiry Shelton,us USA,FW,Sporting KC,28,1993,15.6,19,1.22,15,0,0,1,3,0,2,0.13,1,0,0,0,1,0,Matches
669,Andre Shinyashiki,br BRA,"FW,MF",Colorado Rapids,26,1995,2.4,5,2.08,4,0,1,0,0,0,0,0,0,0,0,0,0,0,Matches
670,Andre Shinyashiki,br BRA,"MF,FW",Charlotte,26,1995,9.4,25,2.67,18,1,0,3,3,0,2,0.21,2,0,0,0,0,0,Matches
671,Bobby Shuttleworth,us USA,GK,Atlanta Utd,34,1987,6.2,0,0,0,0,0,0,0,0,0,0,0,0,0,0,0,0,Matches
672,Marcelo Silva,uy URU,DF,Real Salt Lake,32,1989,30.8,16,0.52,10,1,1,4,0,0,2,0.06,2,0,0,0,0,0,Matches
673,Pablo Sisniega,mx MEX,GK,Charlotte,26,1995,2,0,0,0,0,0,0,0,0,0,0,0,0,0,0,0,0,Matches
674,Jack Skahan,us USA,"DF,MF",San Jose,23,1998,1.1,5,4.69,5,0,0,0,0,0,0,0,0,0,0,0,0,0,Matches
675,Drew Skundrich,us USA,"MF,DF",D.C. United,26,1995,9.8,16,1.63,15,0,0,0,0,1,2,0.2,2,0,0,0,0,0,Matches
Rk,Player,Nation,Pos,Squad,Age,Born,90s,SCA,SCA90,PassLive,PassDead,TO,Sh,Fld,Def,GCA,GCA90,PassLive,PassDead,TO,Sh,Fld,Def,Matches
676,Gaga Slonina,us USA,GK,Chicago Fire,17,2004,32,1,0.03,1,0,0,0,0,0,0,0,0,0,0,0,0,0,Matches
677,Brad Smith,au AUS,DF,D.C. United,27,1994,12.8,24,1.88,18,3,1,1,1,0,2,0.16,1,1,0,0,0,0,Matches
678,Kimarni Smith,eng ENG,"DF,MF",D.C. United,23,1998,4,10,2.49,6,3,0,1,0,0,3,0.75,3,0,0,0,0,0,Matches
679,Kyle Smith,us USA,DF,Orlando City,30,1992,15.4,23,1.49,21,0,1,0,1,0,0,0,0,0,0,0,0,0,Matches
680,Jan Sobociński,pl POL,DF,Charlotte,22,1999,4.2,1,0.24,1,0,0,0,0,0,0,0,0,0,0,0,0,0,Matches
681,Santiago Sosa,ar ARG,MF,Atlanta Utd,22,1999,15.7,46,2.94,45,0,0,1,0,0,1,0.06,1,0,0,0,0,0,Matches
682,Ryan Spaulding,us USA,DF,New England,23,1998,2.9,2,0.68,2,0,0,0,0,0,0,0,0,0,0,0,0,0,Matches
683,Steven Sserwadda,ug UGA,MF,NY Red Bulls,19,2002,0.3,1,3.1,1,0,0,0,0,0,0,0,0,0,0,0,0,0,Matches
684,Dayne St. Clair,ca CAN,GK,Minnesota Utd,24,1997,31.5,2,0.06,2,0,0,0,0,0,1,0.03,1,0,0,0,0,0,Matches
685,Mason Stajduhar,us USA,GK,Orlando City,24,1997,2,0,0,0,0,0,0,0,0,0,0,0,0,0,0,0,0,Matches
686,Daniel Steres,us USA,DF,Dynamo FC,31,1990,14.9,10,0.67,9,1,0,0,0,0,1,0.07,1,0,0,0,0,0,Matches
687,Jared Stroud,us USA,"MF,FW",Austin,25,1996,0.5,0,0,0,0,0,0,0,0,0,0,0,0,0,0,0,0,Matches
688,Brad Stuver,us USA,GK,Austin,30,1991,30.1,1,0.03,1,0,0,0,0,0,0,0,0,0,0,0,0,0,Matches
689,Quinn Sullivan,us USA,"FW,MF",Philadelphia,17,2004,2.7,6,2.2,6,0,0,0,0,0,0,0,0,0,0,0,0,0,Matches
690,Ben Sweat,us USA,DF,Sporting KC,30,1991,16.9,24,1.42,21,1,0,1,0,1,4,0.24,4,0,0,0,0,0,Matches
691,Karol Świderski,pl POL,"FW,MF",Charlotte,25,1997,27.3,63,2.31,42,2,3,10,6,0,9,0.33,7,0,0,2,0,0,Matches
692,Nkosi Tafari,us USA,DF,FC Dallas,24,1997,14.7,14,0.95,12,0,0,2,0,0,0,0,0,0,0,0,0,0,Matches
693,Ismael Tajouri-Shradi,ly LBY,"FW,MF",Los Angeles FC,27,1994,1.9,7,3.77,7,0,0,0,0,0,0,0,0,0,0,0,0,0,Matches
694,Andrew Tarbell,us USA,GK,Austin,28,1993,3.9,0,0,0,0,0,0,0,0,0,0,0,0,0,0,0,0,Matches
695,D.J. Taylor,us USA,DF,Minnesota Utd,24,1997,23.2,43,1.85,38,2,2,1,0,0,4,0.17,4,0,0,0,0,0,Matches
696,Robert Taylor,fi FIN,"MF,FW",Inter Miami,27,1994,24.7,68,2.75,51,5,8,0,3,1,7,0.28,3,0,2,0,2,0,Matches
697,Russell Teibert,ca CAN,MF,Vancouver,29,1992,22.6,29,1.28,27,1,0,0,0,1,2,0.09,2,0,0,0,0,0,Matches
698,Cristian Tello,es ESP,"FW,MF",Los Angeles FC,30,1991,1.1,6,5.51,4,1,0,1,0,0,0,0,0,0,0,0,0,0,Matches
699,Carlos Terán,co COL,DF,Chicago Fire,21,2000,18.6,19,1.02,11,4,2,2,0,0,0,0,0,0,0,0,0,0,Matches
700,Dylan Teves,us USA,"FW,MF",Seattle,21,2000,1.1,2,1.78,2,0,0,0,0,0,0,0,0,0,0,0,0,0,Matches
Rk,Player,Nation,Pos,Squad,Age,Born,90s,SCA,SCA90,PassLive,PassDead,TO,Sh,Fld,Def,GCA,GCA90,PassLive,PassDead,TO,Sh,Fld,Def,Matches
701,Thiago,br BRA,FW,NYCFC,21,2000,15.6,40,2.56,30,0,3,5,1,1,6,0.38,3,0,0,2,0,1,Matches
702,Thiaguinho,br BRA,"FW,MF",Dynamo FC,20,2001,0.2,1,4.09,1,0,0,0,0,0,0,0,0,0,0,0,0,0,Matches
703,Erik Thommy,de GER,MF,Sporting KC,27,1994,9.8,52,5.32,29,9,6,4,4,0,7,0.72,3,0,1,2,1,0,Matches
704,Kosi Thompson,ca CAN,"DF,MF",Toronto FC,19,2003,18,27,1.5,22,0,2,1,2,0,3,0.17,2,0,0,1,0,0,Matches
705,Tommy Thompson,us USA,DF,San Jose,26,1995,14.7,40,2.72,34,0,2,2,2,0,5,0.34,3,0,0,1,1,0,Matches
706,Anton Tinnerholm,se SWE,"DF,MF",NYCFC,30,1991,6.4,17,2.63,15,1,1,0,0,0,0,0,0,0,0,0,0,0,Matches
707,John Tolkin,us USA,"DF,MF",NY Red Bulls,19,2002,30.5,87,2.85,48,26,1,3,6,3,7,0.23,2,3,0,0,2,0,Matches
708,Nouhou Tolo,cm CMR,DF,Seattle,24,1997,27.8,37,1.33,30,1,1,1,3,1,4,0.14,3,0,0,0,1,0,Matches
709,Facundo Torres,uy URU,"FW,MF",Orlando City,21,2000,28.7,96,3.34,71,14,3,3,5,0,11,0.38,6,2,1,1,1,0,Matches
710,Jairo Torres,mx MEX,"FW,MF",Chicago Fire,21,2000,7.6,20,2.62,15,1,0,2,2,0,2,0.26,2,0,0,0,0,0,Matches
711,Joaquín Torres,ar ARG,"MF,FW",CF Montréal,25,1997,14.6,52,3.57,37,7,4,1,3,0,7,0.48,7,0,0,0,0,0,Matches
712,Dantouma Toure,gn GUI,"FW,MF",Colorado Rapids,17,2004,0.4,0,0,0,0,0,0,0,0,0,0,0,0,0,0,0,0,Matches
713,Mason Toye,us USA,FW,CF Montréal,23,1998,8.1,7,0.87,5,0,0,2,0,0,1,0.12,0,0,0,1,0,0,Matches
714,Wil Trapp,us USA,MF,Minnesota Utd,29,1993,23.6,28,1.18,25,0,0,2,0,1,4,0.17,4,0,0,0,0,0,Matches
715,Miguel Trauco,pe PER,DF,San Jose,29,1992,1.5,3,1.99,2,0,0,1,0,0,2,1.32,1,0,0,1,0,0,Matches
716,Danny Trejo,us USA,FW,Los Angeles FC,23,1998,0.5,3,6,3,0,0,0,0,0,0,0,0,0,0,0,0,0,Matches
717,Auston Trusty,us USA,DF,Colorado Rapids,23,1998,16,10,0.63,8,1,0,1,0,0,1,0.06,1,0,0,0,0,0,Matches
718,Niko Tsakiris,us USA,MF,San Jose,16,2005,4.1,14,3.41,12,0,1,0,1,0,2,0.49,2,0,0,0,0,0,Matches
719,Bill Tuiloma,nz NZL,DF,Portland Timbers,26,1995,25.1,22,0.88,19,0,0,3,0,0,2,0.08,2,0,0,0,0,0,Matches
720,Matt Turner,us USA,GK,New England,27,1994,5,0,0,0,0,0,0,0,0,0,0,0,0,0,0,0,0,Matches
721,Ema Twumasi,gh GHA,DF,FC Dallas,24,1997,23.4,34,1.45,28,2,1,2,1,0,3,0.13,3,0,0,0,0,0,Matches
722,Marinos Tzionis,cy CYP,"FW,MF",Sporting KC,20,2001,8.7,32,3.7,19,2,4,2,5,0,0,0,0,0,0,0,0,0,Matches
723,Mikael Uhre,dk DEN,FW,Philadelphia,27,1994,18,49,2.73,29,0,4,6,10,0,15,0.83,8,0,2,2,3,0,Matches
724,Þorleifur Úlfarsson,is ISL,FW,Dynamo FC,21,2000,13.4,24,1.8,16,0,3,2,3,0,2,0.15,1,0,0,1,0,0,Matches
725,Victor Ulloa,us USA,"MF,DF",Inter Miami,29,1992,4.1,10,2.44,8,0,0,0,2,0,1,0.24,1,0,0,0,0,0,Matches
Rk,Player,Nation,Pos,Squad,Age,Born,90s,SCA,SCA90,PassLive,PassDead,TO,Sh,Fld,Def,GCA,GCA90,PassLive,PassDead,TO,Sh,Fld,Def,Matches
726,Maximiliano Urruti,ar ARG,FW,Austin,30,1991,24.3,39,1.61,20,1,5,7,5,1,6,0.25,2,1,0,2,1,0,Matches
727,Júnior Urso,br BRA,"MF,FW",Orlando City,32,1989,28.4,62,2.18,47,2,5,5,2,1,12,0.42,11,0,0,1,0,0,Matches
728,Jhojan Valencia,co COL,MF,Austin,25,1996,5.2,10,1.91,9,0,0,1,0,0,1,0.19,0,0,0,1,0,0,Matches
729,Zarek Valentin,pr PUR,DF,Dynamo FC,30,1991,4.1,5,1.22,5,0,0,0,0,0,0,0,0,0,0,0,0,0,Matches
730,Gustavo Vallecilla,ec ECU,DF,Colorado Rapids,22,1999,6.3,6,0.95,5,0,0,1,0,0,0,0,0,0,0,0,0,0,Matches
731,José Van Rankin,mx MEX,DF,Portland Timbers,28,1993,21.3,27,1.27,20,1,2,2,2,0,2,0.09,0,0,0,0,2,0,Matches
732,Kerwin Vargas,co COL,"FW,MF",Charlotte,20,2002,7,24,3.42,9,8,1,4,2,0,0,0,0,0,0,0,0,0,Matches
733,Obed Vargas,us USA,"MF,FW",Seattle,16,2005,9.5,14,1.48,10,0,2,0,2,0,0,0,0,0,0,0,0,0,Matches
734,Indiana Vassilev,us USA,"FW,MF",Inter Miami,20,2001,11.8,28,2.38,16,0,5,2,3,2,2,0.17,2,0,0,0,0,0,Matches
735,Brandon Vazquez,us USA,FW,FC Cincinnati,23,1998,30.4,65,2.14,49,0,2,8,6,0,14,0.46,11,0,0,2,1,0,Matches
736,Víctor Vázquez,es ESP,"MF,FW",LA Galaxy,35,1987,12.9,69,5.36,51,16,1,1,0,0,7,0.54,6,1,0,0,0,0,Matches
737,Carlos Vela,mx MEX,"FW,MF",Los Angeles FC,32,1989,25.8,141,5.47,88,38,3,4,7,1,22,0.85,16,2,0,3,1,0,Matches
738,Alan Velasco,ar ARG,FW,FC Dallas,19,2002,21.4,92,4.29,56,15,8,6,7,0,14,0.65,8,2,1,2,1,0,Matches
739,Matías Vera,ar ARG,MF,Dynamo FC,26,1995,24.3,36,1.49,34,0,1,0,1,0,3,0.12,3,0,0,0,0,0,Matches
740,Ranko Veselinović,rs SRB,DF,Vancouver,22,1999,30.7,15,0.49,9,1,0,3,2,0,4,0.13,3,0,0,0,1,0,Matches
741,Pedro Vite,ec ECU,"MF,FW",Vancouver,19,2002,13.3,51,3.85,37,3,3,4,4,0,3,0.23,3,0,0,0,0,0,Matches
742,Robert Voloder,ba BIH,DF,Sporting KC,20,2001,8,7,0.88,7,0,0,0,0,0,0,0,0,0,0,0,0,0,Matches
743,Giacomo Vrioni,al ALB,FW,New England,23,1998,2.8,6,2.15,2,0,1,2,1,0,1,0.36,0,0,0,0,1,0,Matches
744,Nikola Vujnović,me MNE,FW,Sporting KC,25,1997,3.7,9,2.43,8,0,1,0,0,0,0,0,0,0,0,0,0,0,Matches
745,Kai Wagner,de GER,DF,Philadelphia,24,1997,32.8,123,3.75,57,60,1,1,3,1,13,0.4,8,5,0,0,0,0,Matches
746,Anton Walkes,eng ENG,DF,Charlotte,24,1997,20.1,3,0.15,3,0,0,0,0,0,0,0,0,0,0,0,0,0,Matches
747,Rémi Walter,fr FRA,MF,Sporting KC,26,1995,33,70,2.12,56,9,1,2,1,1,5,0.15,5,0,0,0,0,0,Matches
748,Victor Wanyama,ke KEN,MF,CF Montréal,30,1991,29.3,52,1.78,45,0,2,5,0,0,6,0.21,6,0,0,0,0,0,Matches
749,Collen Warner,us USA,MF,Colorado Rapids,33,1988,7.1,11,1.55,9,0,0,2,0,0,0,0,0,0,0,0,0,0,Matches
750,Taylor Washington,us USA,"DF,MF",Nashville,28,1993,6.7,18,2.7,17,0,0,1,0,0,1,0.15,1,0,0,0,0,0,Matches
Rk,Player,Nation,Pos,Squad,Age,Born,90s,SCA,SCA90,PassLive,PassDead,TO,Sh,Fld,Def,GCA,GCA90,PassLive,PassDead,TO,Sh,Fld,Def,Matches
751,Joel Waterman,ca CAN,DF,CF Montréal,26,1996,29.7,27,0.91,23,2,0,2,0,0,5,0.17,4,1,0,0,0,0,Matches
752,Quentin Westberg,us USA,GK,Toronto FC,35,1986,10,1,0.1,1,0,0,0,0,0,0,0,0,0,0,0,0,0,Matches
753,Brian White,us USA,FW,Vancouver,25,1996,18.5,35,1.89,29,0,1,4,0,1,4,0.22,3,0,1,0,0,0,Matches
754,Caleb Wiley,us USA,"DF,FW",Atlanta Utd,17,2004,16.6,43,2.58,36,0,4,2,1,0,4,0.24,2,0,0,1,1,0,Matches
755,Derrick Williams,ie IRL,DF,LA Galaxy,29,1993,23.9,18,0.75,14,0,1,2,1,0,1,0.04,1,0,0,0,0,0,Matches
756,Josh Williams,us USA,DF,Columbus Crew,33,1988,15.9,4,0.25,4,0,0,0,0,0,1,0.06,1,0,0,0,0,0,Matches
757,Thomas Williams,us USA,DF,Orlando City,17,2004,2,0,0,0,0,0,0,0,0,0,0,0,0,0,0,0,0,Matches
758,Eryk Williamson,us USA,MF,Portland Timbers,24,1997,12.9,44,3.42,24,14,0,2,3,1,10,0.78,4,4,0,1,1,0,Matches
759,Joe Willis,us USA,GK,Nashville,33,1988,32,7,0.22,4,3,0,0,0,0,1,0.03,1,0,0,0,0,0,Matches
760,Danny Wilson,sct SCO,DF,Colorado Rapids,30,1991,23.3,21,0.9,18,0,0,3,0,0,4,0.17,3,0,0,1,0,0,Matches
761,Owen Wolff,us USA,"FW,MF",Austin,17,2004,10.1,29,2.86,24,0,0,2,1,2,2,0.2,1,0,0,0,0,1,Matches
762,Tyler Wolff,us USA,"FW,MF",Atlanta Utd,18,2003,2.8,6,2.13,4,1,0,0,1,0,1,0.36,1,0,0,0,0,0,Matches
763,Bobby Wood,us USA,FW,Real Salt Lake,29,1992,10.9,19,1.74,12,0,2,2,3,0,4,0.37,2,0,0,2,0,0,Matches
764,Darren Yapi,us USA,"FW,MF",Colorado Rapids,17,2004,1.9,5,2.62,2,0,1,1,1,0,0,0,0,0,0,0,0,0,Matches
765,William Yarbrough,us USA,GK,Colorado Rapids,32,1989,33.5,4,0.12,3,1,0,0,0,0,1,0.03,1,0,0,0,0,0,Matches
766,Dru Yearwood,eng ENG,MF,NY Red Bulls,21,2000,17.2,38,2.21,32,0,1,1,1,3,3,0.17,2,0,0,0,0,1,Matches
767,Steffen Yeattes,ca CAN,"DF,MF",Toronto FC,22,2000,0.4,0,0,0,0,0,0,0,0,0,0,0,0,0,0,0,0,Matches
768,Yaw Yeboah,gh GHA,FW,Columbus Crew,24,1997,8.8,32,3.64,22,0,5,1,3,1,1,0.11,1,0,0,0,0,0,Matches
769,DeAndre Yedlin,us USA,DF,Inter Miami,28,1993,33.2,57,1.72,47,7,2,0,1,0,7,0.21,6,0,0,0,1,0,Matches
770,Griffin Yow,us USA,"MF,DF",D.C. United,19,2002,3,7,2.32,4,0,1,1,1,0,2,0.66,1,0,0,1,0,0,Matches
771,Jackson Yueill,us USA,"MF,DF",San Jose,24,1997,29.9,54,1.81,48,1,0,3,2,0,2,0.07,2,0,0,0,0,0,Matches
772,Abdoul Zanne,ci CIV,FW,D.C. United,18,2003,0,1,22.5,0,0,1,0,0,0,0,0,0,0,0,0,0,0,Matches
773,Gyasi Zardes,us USA,FW,Colorado Rapids,30,1991,22.9,68,2.98,49,0,3,8,7,1,4,0.18,4,0,0,0,0,0,Matches
774,Gyasi Zardes,us USA,FW,Columbus Crew,30,1991,2.3,6,2.61,6,0,0,0,0,0,0,0,0,0,0,0,0,0,Matches
775,Eriq Zavaleta,sv SLV,"DF,MF",LA Galaxy,29,1992,2.3,2,0.87,1,0,1,0,0,0,0,0,0,0,0,0,0,0,Matches
Rk,Player,Nation,Pos,Squad,Age,Born,90s,SCA,SCA90,PassLive,PassDead,TO,Sh,Fld,Def,GCA,GCA90,PassLive,PassDead,TO,Sh,Fld,Def,Matches
776,Sean Zawadzki,us USA,MF,Columbus Crew,21,2000,3.2,3,0.93,2,0,0,0,1,0,0,0,0,0,0,0,0,0,Matches
777,Zeca,br BRA,DF,Dynamo FC,27,1994,12.6,32,2.54,28,3,0,0,0,1,1,0.08,1,0,0,0,0,0,Matches
778,Gedion Zelalem,us USA,"MF,FW",NYCFC,25,1997,2.2,6,2.74,5,0,0,1,0,0,0,0,0,0,0,0,0,0,Matches
779,Lucas Zelarayán,am ARM,"MF,FW",Columbus Crew,29,1992,25.7,175,6.8,107,34,14,6,14,0,19,0.74,12,2,1,2,2,0,Matches
780,Walker Zimmerman,us USA,DF,Nashville,28,1993,28,34,1.21,28,1,1,3,1,0,5,0.18,3,0,0,2,0,0,Matches
781,Rida Zouhir,ca CAN,MF,CF Montréal,18,2003,1.4,4,2.98,3,0,1,0,0,0,0,0,0,0,0,0,0,0,Matches
782,Ethan Zubak,us USA,FW,Nashville,23,1998,2.3,6,2.57,3,0,2,1,0,0,1,0.43,0,0,0,1,0,0,Matches
783,Dario Župarić,ba BIH,DF,Portland Timbers,29,1992,24.4,11,0.45,10,1,0,0,0,0,0,0,0,0,0,0,0,0,Matches
784,Graham Zusi,us USA,DF,Sporting KC,35,1986,18.4,36,1.95,30,4,1,1,0,0,3,0.16,2,0,0,1,0,0,Matches
785,Róbert Þorkelsson,is ISL,"DF,MF",CF Montréal,19,2002,1.9,0,0,0,0,0,0,0,0,0,0,0,0,0,0,0,0,Matches
